network,block_number,block_time,block_time_s,tx_hash,from_addr,to_addr,value_usd,gas_used,gas_price_gwei,method_id,success,facilitator_addr,watched_address,is_x402_eip3009,decoded_method,amount_usdc,valid_after,valid_before,authorization_nonce
eip155:8453,40591013,2026-01-09 15:09:33+00:00,3415756.0,0xb8502835059c4fa32c06bbbfece75bcd5573a5c8e45318e28854e7f2fd483777,0xc97039b53338d8a3e9cfc8eebd393f1b8cd807f7,0x31e0c65e5bd9a779dc6f85f5685ce3ac23bd3f3c,0.001,102876.0,0.009562978,0xe3ee160e,True,0x67a3176acd5db920747eef65b813b028ad143cdb,0x67a3176acd5db920747eef65b813b028ad143cdb,True,transferWithAuthorization,0.001,1767970767.0,1767971667.0,0x0e5be0ce65b156ee6980d8e532146dcdfb73196f0abc7d31b6632365fbdc8710
eip155:8453,41934818,2026-02-09 17:43:03+00:00,6103366.0,0xc7b15fea602130b51f4149a72fc6c029be6f6e1ce06ffe4e90d0f59609699bf3,0xc97039b53338d8a3e9cfc8eebd393f1b8cd807f7,0x31e0c65e5bd9a779dc6f85f5685ce3ac23bd3f3c,0.001,55539.0,0.006068716,0xe3ee160e,False,0x67a3176acd5db920747eef65b813b028ad143cdb,0x67a3176acd5db920747eef65b813b028ad143cdb,True,transferWithAuthorization,0.001,1770658378.0,1770659038.0,0x3d542c374b3c4a39a605213bc0d6ab87e3214e4a50e32fba9377eae88414ff3b
eip155:8453,41934942,2026-02-09 17:47:11+00:00,6103614.0,0x915097759e5b7c163886cc4c8273258587ff204290b49711a4774d0459deb332,0xc97039b53338d8a3e9cfc8eebd393f1b8cd807f7,0x31e0c65e5bd9a779dc6f85f5685ce3ac23bd3f3c,0.001,55539.0,0.006809919,0xe3ee160e,False,0x67a3176acd5db920747eef65b813b028ad143cdb,0x67a3176acd5db920747eef65b813b028ad143cdb,True,transferWithAuthorization,0.001,1770658626.0,1770659286.0,0x589853cd21b16b90decd6806704f1be4f2330e44e1d26138601741a1532d07b7
eip155:8453,41935064,2026-02-09 17:51:15+00:00,6103858.0,0xbdbbe4a6fad21244f6c9b124a2b642b445f90663a051f40a156559cfe615bf68,0xc97039b53338d8a3e9cfc8eebd393f1b8cd807f7,0x31e0c65e5bd9a779dc6f85f5685ce3ac23bd3f3c,0.001,55539.0,0.006029952,0xe3ee160e,False,0x67a3176acd5db920747eef65b813b028ad143cdb,0x67a3176acd5db920747eef65b813b028ad143cdb,True,transferWithAuthorization,0.001,1770658869.0,1770659529.0,0x8ade3fcd33b2bc8f1064de7b21e331011de1c37cdda22fc94d075926d9042d89
eip155:8453,41935117,2026-02-09 17:53:01+00:00,6103964.0,0x2bb5e0b4d95522a0b12740bd035edf367589c24f5d58d0dabd715150dc2199da,0xc97039b53338d8a3e9cfc8eebd393f1b8cd807f7,0x31e0c65e5bd9a779dc6f85f5685ce3ac23bd3f3c,0.001,55539.0,0.005758623,0xe3ee160e,False,0x67a3176acd5db920747eef65b813b028ad143cdb,0x67a3176acd5db920747eef65b813b028ad143cdb,True,transferWithAuthorization,0.001,1770658976.0,1770659636.0,0xc3796711b67dbc2d658bedb23cbc58b3b88ceec9b8fd1292a766d1eab10793de
eip155:8453,41935169,2026-02-09 17:54:45+00:00,6104068.0,0xb735fd3bee4998e444adecdb678dc8b94407b6d9ca22a1ff29dccf24c122bcc2,0xc97039b53338d8a3e9cfc8eebd393f1b8cd807f7,0x31e0c65e5bd9a779dc6f85f5685ce3ac23bd3f3c,0.001,55539.0,0.005453622,0xe3ee160e,False,0x67a3176acd5db920747eef65b813b028ad143cdb,0x67a3176acd5db920747eef65b813b028ad143cdb,True,transferWithAuthorization,0.001,1770659079.0,1770659739.0,0x1af4240a7435d48313877582affcd361ef26f663cf8b789c8ed375a9ad1f30c0
eip155:8453,41935397,2026-02-09 18:02:21+00:00,6104524.0,0xdaf7aad47b3d966bfe053f47d1e70c28025c1020ada19fd7600009961736d31d,0xc97039b53338d8a3e9cfc8eebd393f1b8cd807f7,0x31e0c65e5bd9a779dc6f85f5685ce3ac23bd3f3c,0.001,55527.0,0.004793351,0xe3ee160e,False,0x67a3176acd5db920747eef65b813b028ad143cdb,0x67a3176acd5db920747eef65b813b028ad143cdb,True,transferWithAuthorization,0.001,1770659534.0,1770660194.0,0x86803f393a73d9c33e7e23f2fe8edb08f3c1980bd0ebe9a5aafe2453cd13d12b
eip155:8453,41935465,2026-02-09 18:04:37+00:00,6104660.0,0x8b3b8a77944499175e57ba7096a0a3412895b8712edaa7a965a13acfa596bdf6,0xc97039b53338d8a3e9cfc8eebd393f1b8cd807f7,0x31e0c65e5bd9a779dc6f85f5685ce3ac23bd3f3c,0.001,55527.0,0.005032235,0xe3ee160e,False,0x67a3176acd5db920747eef65b813b028ad143cdb,0x67a3176acd5db920747eef65b813b028ad143cdb,True,transferWithAuthorization,0.001,1770659670.0,1770660330.0,0x4122422a76f3e9e25aa6e91e281122b888466837ace9facf6d2c268ed9300043
eip155:8453,41936609,2026-02-09 18:42:45+00:00,6106948.0,0x5ac8f9537e532539134b64de1f03884d3b4b0357b0ed28ea77c582664166e4e7,0xc97039b53338d8a3e9cfc8eebd393f1b8cd807f7,0x31e0c65e5bd9a779dc6f85f5685ce3ac23bd3f3c,0.001,55515.0,0.004885931,0xe3ee160e,False,0x67a3176acd5db920747eef65b813b028ad143cdb,0x67a3176acd5db920747eef65b813b028ad143cdb,True,transferWithAuthorization,0.001,1770661960.0,1770662620.0,0x0d7fa43c34282b9562bcb998d7e0ed51bce008c95c0fb19baaf3004910581f45
eip155:8453,41936629,2026-02-09 18:43:25+00:00,6106988.0,0x9a21585c572edae6163e4e6e7d40a5989a6e73fa525c570aa46a6ad4eb366524,0xc97039b53338d8a3e9cfc8eebd393f1b8cd807f7,0x31e0c65e5bd9a779dc6f85f5685ce3ac23bd3f3c,0.001,55539.0,0.004878944,0xe3ee160e,False,0x67a3176acd5db920747eef65b813b028ad143cdb,0x67a3176acd5db920747eef65b813b028ad143cdb,True,transferWithAuthorization,0.001,1770661999.0,1770662659.0,0x04c2cc10f7a89b789b36d946d0e39114a71b0a7bb8647a0be7368497a8de4e8b
eip155:8453,41936930,2026-02-09 18:53:27+00:00,6107590.0,0xc36a2fcd1c97a8ad436d0cfb98b91b6672cdd68a18ece2ae12368e68cfbbf450,0xc97039b53338d8a3e9cfc8eebd393f1b8cd807f7,0x31e0c65e5bd9a779dc6f85f5685ce3ac23bd3f3c,0.001,55539.0,0.005032298,0xe3ee160e,False,0x67a3176acd5db920747eef65b813b028ad143cdb,0x67a3176acd5db920747eef65b813b028ad143cdb,True,transferWithAuthorization,0.001,1770662602.0,1770663262.0,0x022073b1e859ccc6defd26a6bbac650295e526663de0c2375daf5ee96f65cd90
eip155:8453,41936946,2026-02-09 18:53:59+00:00,6107622.0,0x0c1f91e2b33a4a5da0ada9cbc889d2049f30238945c506bc2c3e97e850a63fbc,0xc97039b53338d8a3e9cfc8eebd393f1b8cd807f7,0x31e0c65e5bd9a779dc6f85f5685ce3ac23bd3f3c,0.001,55539.0,0.004999966,0xe3ee160e,False,0x67a3176acd5db920747eef65b813b028ad143cdb,0x67a3176acd5db920747eef65b813b028ad143cdb,True,transferWithAuthorization,0.001,1770662635.0,1770663295.0,0x8e300f5ecdad7fb99ae7c31a8b18032e77557e2803ba503eaf7cb3ba5896ebc9
eip155:8453,41937186,2026-02-09 19:01:59+00:00,6108102.0,0x9731be310262cf67f77898712299d08d24842a93b95b8085f50f98265d585d50,0xc97039b53338d8a3e9cfc8eebd393f1b8cd807f7,0x31e0c65e5bd9a779dc6f85f5685ce3ac23bd3f3c,0.001,55539.0,0.005030834,0xe3ee160e,False,0x67a3176acd5db920747eef65b813b028ad143cdb,0x67a3176acd5db920747eef65b813b028ad143cdb,True,transferWithAuthorization,0.001,1770663113.0,1770663773.0,0x8564278bf43f302b281d835ef9252c7d6de41651c712977c49faa3b3277d8930
eip155:8453,41938108,2026-02-09 19:32:43+00:00,6109946.0,0x2dac17f8b10be549db502e3684cbe3a4988552c8960411d86affac5acd914b81,0xc97039b53338d8a3e9cfc8eebd393f1b8cd807f7,0x31e0c65e5bd9a779dc6f85f5685ce3ac23bd3f3c,0.001,55539.0,0.005116287,0xe3ee160e,False,0x67a3176acd5db920747eef65b813b028ad143cdb,0x67a3176acd5db920747eef65b813b028ad143cdb,True,transferWithAuthorization,0.001,1770664958.0,1770665618.0,0x8a978a3cbbd766479f8268a760ede80f078cee21ac73f221558a547601923240
eip155:8453,41938151,2026-02-09 19:34:09+00:00,6110032.0,0x915b7d16c7af6dc9d6fb8e54066c15dad875dbf046dad36185c2c36eb2730b62,0xc97039b53338d8a3e9cfc8eebd393f1b8cd807f7,0x31e0c65e5bd9a779dc6f85f5685ce3ac23bd3f3c,0.001,55539.0,0.004983002,0xe3ee160e,False,0x67a3176acd5db920747eef65b813b028ad143cdb,0x67a3176acd5db920747eef65b813b028ad143cdb,True,transferWithAuthorization,0.001,1770665045.0,1770665705.0,0x87700e9a3556188dc93a0458d2767219faa88229bb2f51657b77d7307ca0331c
eip155:8453,41938170,2026-02-09 19:34:47+00:00,6110070.0,0xfdf7d72d11b4a50a3cc9cf451861fe06cfeb56186705cbdc2a577dfd89e6e8b6,0xc97039b53338d8a3e9cfc8eebd393f1b8cd807f7,0x31e0c65e5bd9a779dc6f85f5685ce3ac23bd3f3c,0.001,55539.0,0.004924011,0xe3ee160e,False,0x67a3176acd5db920747eef65b813b028ad143cdb,0x67a3176acd5db920747eef65b813b028ad143cdb,True,transferWithAuthorization,0.001,1770665080.0,1770665740.0,0xa7a56d7895b53078ab9b8dcb9bb215700103504eb5dfa45e92e8796d8f078fd1
eip155:8453,41938661,2026-02-09 19:51:09+00:00,6111052.0,0x00a62c76b02ea855b1b96373116706467ba2cd5eabee145503c422f31bf420f4,0xc97039b53338d8a3e9cfc8eebd393f1b8cd807f7,0x31e0c65e5bd9a779dc6f85f5685ce3ac23bd3f3c,0.001,55527.0,0.003893855,0xe3ee160e,False,0x67a3176acd5db920747eef65b813b028ad143cdb,0x67a3176acd5db920747eef65b813b028ad143cdb,True,transferWithAuthorization,0.001,1770666064.0,1770666724.0,0x1b5b895a335e7913e0919c1c7a4e0b754de3d02c6c8d3946ce3e3008eb6eddb7
eip155:8453,41938855,2026-02-09 19:57:37+00:00,6111440.0,0x1174a5d6c66a7f777352e5d7d5d502fbba6fd59d23d5f675a9f8150428495115,0xc97039b53338d8a3e9cfc8eebd393f1b8cd807f7,0x31e0c65e5bd9a779dc6f85f5685ce3ac23bd3f3c,0.001,55539.0,0.003802798,0xe3ee160e,False,0x67a3176acd5db920747eef65b813b028ad143cdb,0x67a3176acd5db920747eef65b813b028ad143cdb,True,transferWithAuthorization,0.001,1770666451.0,1770667111.0,0xebe5c50facd8eab0222a14a032da0ab23b89694f8aead6b605010b18d3b9d6f0
eip155:8453,41939382,2026-02-09 20:15:11+00:00,6112494.0,0x6c9b0f5075e07eaa9391528ba9640ec0f13511781aaf877d5a928091fa0980db,0xc97039b53338d8a3e9cfc8eebd393f1b8cd807f7,0x31e0c65e5bd9a779dc6f85f5685ce3ac23bd3f3c,0.001,55539.0,0.004003124,0xe3ee160e,False,0x67a3176acd5db920747eef65b813b028ad143cdb,0x67a3176acd5db920747eef65b813b028ad143cdb,True,transferWithAuthorization,0.001,1770667506.0,1770668166.0,0xe111d39b0a050e0d09e0b61821f209dbf9c4bc4fbd7ac011d2cee0e8a52a1d20
eip155:8453,41939870,2026-02-09 20:31:27+00:00,6113470.0,0xfacd2efd0dd1b6fc991a8f1d2feb4a438343f9fb9bdc392e5148c4618818d986,0xc97039b53338d8a3e9cfc8eebd393f1b8cd807f7,0x31e0c65e5bd9a779dc6f85f5685ce3ac23bd3f3c,0.001,55539.0,0.003,0xe3ee160e,False,0x67a3176acd5db920747eef65b813b028ad143cdb,0x67a3176acd5db920747eef65b813b028ad143cdb,True,transferWithAuthorization,0.001,1770668481.0,1770669141.0,0xb0ceb76844caf0693729b01f2a935630877562d0d1c8ac08be22877986665acb
eip155:8453,41939971,2026-02-09 20:34:49+00:00,6113672.0,0x3f23e8da48bbadfddb6d839b04ef5a5a101a0e1a2c38845bc8528665dd389598,0xc97039b53338d8a3e9cfc8eebd393f1b8cd807f7,0x31e0c65e5bd9a779dc6f85f5685ce3ac23bd3f3c,0.001,55539.0,0.003,0xe3ee160e,False,0x67a3176acd5db920747eef65b813b028ad143cdb,0x67a3176acd5db920747eef65b813b028ad143cdb,True,transferWithAuthorization,0.001,1770668684.0,1770669344.0,0x32b0ad85793ab3352287860ee5c5afd08663ab0e9f095c1ef9f1ed4dd72575f6
eip155:8453,41941898,2026-02-09 21:39:03+00:00,6117526.0,0x315780ed48d6e3959a723ba03108948e6a1020e3c9ba8ed93dd29189caad7112,0x5af85bf450009901a223e89a047b6c9c57f1a7f2,0x31e0c65e5bd9a779dc6f85f5685ce3ac23bd3f3c,0.001,85756.0,0.003223414,0xe3ee160e,True,0x67a3176acd5db920747eef65b813b028ad143cdb,0x67a3176acd5db920747eef65b813b028ad143cdb,True,transferWithAuthorization,0.001,1770672538.0,1770673198.0,0x0b12b60cba9322e547e09f135731426934e9c26a81b8f2890f79ee54e43d436c
eip155:8453,41981491,2026-02-10 19:38:49+00:00,6196712.0,0x45d25efd565182ba10cc8ecc12a3638d0bf5a723adf7f48c3ee6807384e0f497,0x5af85bf450009901a223e89a047b6c9c57f1a7f2,0x31e0c65e5bd9a779dc6f85f5685ce3ac23bd3f3c,0.001,85756.0,0.005854266,0xe3ee160e,True,0x67a3176acd5db920747eef65b813b028ad143cdb,0x67a3176acd5db920747eef65b813b028ad143cdb,True,transferWithAuthorization,0.001,1770751724.0,1770752384.0,0xd30778fa83505acba04aa2b907e35e074f2e9d4e0d528c946542dccab50cc666
eip155:8453,42009437,2026-02-11 11:10:21+00:00,6252604.0,0x3fbc78e4e41f94763eb291f60a46c722656a9293e5f79d92fbd31fb3eb46b720,0x0ee81ed3f4e8493bcfa60133821eaf6434d3c5de,0xd23ef9baf3a2a9a9feb8035e4b3be41878faf515,0.001,85788.0,0.003408436,0xe3ee160e,True,0x67a3176acd5db920747eef65b813b028ad143cdb,0x67a3176acd5db920747eef65b813b028ad143cdb,True,transferWithAuthorization,0.001,1770808181.0,1770808271.0,0xe70a2ff40ba86a52805553d0b38b4ccd237978121c3058817f26be206ff6eb88
eip155:8453,42009556,2026-02-11 11:14:19+00:00,6252842.0,0x43b1297555eb970d7dbc04001c18e66c014011abea04fde16047bb43fd4e192f,0x0ee81ed3f4e8493bcfa60133821eaf6434d3c5de,0xd23ef9baf3a2a9a9feb8035e4b3be41878faf515,0.001,85756.0,0.003442148,0xe3ee160e,True,0x67a3176acd5db920747eef65b813b028ad143cdb,0x67a3176acd5db920747eef65b813b028ad143cdb,True,transferWithAuthorization,0.001,1770808422.0,1770808512.0,0xc58a9b19a317eb282a99b0bffe8366522375b3b4bd8bcdedf8d9c809e884c1e0
eip155:8453,42009560,2026-02-11 11:14:27+00:00,6252850.0,0x00aa2a4f71f375e9ba5c5cc18dae0a8a8427208f4cd62fad59d061bf70cefcbc,0x0ee81ed3f4e8493bcfa60133821eaf6434d3c5de,0xd23ef9baf3a2a9a9feb8035e4b3be41878faf515,0.001,85756.0,0.003428455,0xe3ee160e,True,0x67a3176acd5db920747eef65b813b028ad143cdb,0x67a3176acd5db920747eef65b813b028ad143cdb,True,transferWithAuthorization,0.001,1770808431.0,1770808521.0,0x68c95275ccda9f19491c1800e3165702a922c21e6c0cf532ce4ecc1692d47482
eip155:8453,42009634,2026-02-11 11:16:55+00:00,6252998.0,0x418a789c698c20aba07b11955348abeadcbad8fc28df1324f3aef162592cfdba,0x0ee81ed3f4e8493bcfa60133821eaf6434d3c5de,0xd23ef9baf3a2a9a9feb8035e4b3be41878faf515,0.001,85788.0,0.003408649,0xe3ee160e,True,0x67a3176acd5db920747eef65b813b028ad143cdb,0x67a3176acd5db920747eef65b813b028ad143cdb,True,transferWithAuthorization,0.001,1770808578.0,1770808668.0,0xa150cca5f97d37a2dec885072b4fe0531b9968dfc55b201314e0632e6d6b81ca
eip155:8453,42009639,2026-02-11 11:17:05+00:00,6253008.0,0x1bed819cbe63855c5f7e227d207e0b93c40fc739787112812cf9bf949931d3ee,0x0ee81ed3f4e8493bcfa60133821eaf6434d3c5de,0xd23ef9baf3a2a9a9feb8035e4b3be41878faf515,0.001,85788.0,0.003418151,0xe3ee160e,True,0x67a3176acd5db920747eef65b813b028ad143cdb,0x67a3176acd5db920747eef65b813b028ad143cdb,True,transferWithAuthorization,0.001,1770808589.0,1770808679.0,0xb5762e64d4747d8ecd650e3b3a5f7c9275873b145ce9e588034588f69bfcfa1b
eip155:8453,42009742,2026-02-11 11:20:31+00:00,6253214.0,0xfa7ea5ff3c54768ba40606ebb93b81f08ad8c0f22c084634e6945790db7615b9,0x0ee81ed3f4e8493bcfa60133821eaf6434d3c5de,0xd23ef9baf3a2a9a9feb8035e4b3be41878faf515,0.001,85788.0,0.003439623,0xe3ee160e,True,0x67a3176acd5db920747eef65b813b028ad143cdb,0x67a3176acd5db920747eef65b813b028ad143cdb,True,transferWithAuthorization,0.001,1770808794.0,1770808884.0,0x9a882a2f68278fb7a0ddcbfc6ed4c6631fd2f7e59c561418f815d9abd5b1ca09
eip155:8453,42009847,2026-02-11 11:24:01+00:00,6253424.0,0x22e0c4f8dbaac84b1d937ee7b9e591b8a1c2beba039658629470c910be64d986,0x0ee81ed3f4e8493bcfa60133821eaf6434d3c5de,0xd23ef9baf3a2a9a9feb8035e4b3be41878faf515,0.001,85788.0,0.003520817,0xe3ee160e,True,0x67a3176acd5db920747eef65b813b028ad143cdb,0x67a3176acd5db920747eef65b813b028ad143cdb,True,transferWithAuthorization,0.001,1770809004.0,1770809094.0,0x551f28382e5ef42ee6119110f4bc72a59a02f6caeb0ca7c6275dd9159c7da734
eip155:8453,42373762,2026-02-19 21:34:31+00:00,6981254.0,0xd0efe78d4e61c8c488bda1b03918a996d4d7ebd94a3dbee0427f1c93e62ac7e4,0x5af85bf450009901a223e89a047b6c9c57f1a7f2,0x31e0c65e5bd9a779dc6f85f5685ce3ac23bd3f3c,0.001,85756.0,0.006586546,0xe3ee160e,True,0x67a3176acd5db920747eef65b813b028ad143cdb,0x67a3176acd5db920747eef65b813b028ad143cdb,True,transferWithAuthorization,0.001,1771536268.0,1771537168.0,0xa41def7733cd347f889b3306c2d3e9f7c0f170b12ffecb2e2aee25643efa0c29
eip155:8453,42373763,2026-02-19 21:34:33+00:00,6981256.0,0x3a4aa717150c2230b35c8935d45d456730f41fb4d2f13a0f4583b55624e2b1cf,0x5af85bf450009901a223e89a047b6c9c57f1a7f2,0x31e0c65e5bd9a779dc6f85f5685ce3ac23bd3f3c,0.001,85756.0,0.006572912,0xe3ee160e,True,0x67a3176acd5db920747eef65b813b028ad143cdb,0x67a3176acd5db920747eef65b813b028ad143cdb,True,transferWithAuthorization,0.001,1771536270.0,1771537170.0,0xa3ac9a581b104b722c0d1e23382f91e7e55d50189fd14b388717c5479e6ffad0
eip155:8453,42373764,2026-02-19 21:34:35+00:00,6981258.0,0x127413ab1581447674a645c8017f4fc17cee985021f3711903e39dfdeeda17b2,0x5af85bf450009901a223e89a047b6c9c57f1a7f2,0x31e0c65e5bd9a779dc6f85f5685ce3ac23bd3f3c,0.001,85776.0,0.006563656,0xe3ee160e,True,0x67a3176acd5db920747eef65b813b028ad143cdb,0x67a3176acd5db920747eef65b813b028ad143cdb,True,transferWithAuthorization,0.001,1771536272.0,1771537172.0,0xa98d709087c1b809e08b244178c7fb152837cadecba46b68fd2bf1777e066204
eip155:8453,42373766,2026-02-19 21:34:39+00:00,6981262.0,0xa3a13c7a745d9e97ed799495e35baaec943516dacfc527dc702b51dd78da7b4c,0x5af85bf450009901a223e89a047b6c9c57f1a7f2,0x31e0c65e5bd9a779dc6f85f5685ce3ac23bd3f3c,0.001,85752.0,0.006544356,0xe3ee160e,True,0x67a3176acd5db920747eef65b813b028ad143cdb,0x67a3176acd5db920747eef65b813b028ad143cdb,True,transferWithAuthorization,0.001,1771536275.0,1771537175.0,0xa92fbd39b9a392269c8f3078bf7b5b84ef6746b5f9cb397430ed27bff02c862e
eip155:8453,42373767,2026-02-19 21:34:41+00:00,6981264.0,0x30a60892f4d8525b176e9a13214672baa48ea53a06ca2606bc7414f1f34f5afa,0x5af85bf450009901a223e89a047b6c9c57f1a7f2,0x31e0c65e5bd9a779dc6f85f5685ce3ac23bd3f3c,0.001,85756.0,0.006540291,0xe3ee160e,True,0x67a3176acd5db920747eef65b813b028ad143cdb,0x67a3176acd5db920747eef65b813b028ad143cdb,True,transferWithAuthorization,0.001,1771536277.0,1771537177.0,0x1b9c3b4bdc88e1707842bf0cd2c7e615b9cb56d2329ed455ebe988e39bf6ec3a
eip155:8453,42373778,2026-02-19 21:35:03+00:00,6981286.0,0x8ea9e4c530e00d3416bf4cb73c3c2e36b3ad27dd7dd303c7b1929c26ee489d35,0x5af85bf450009901a223e89a047b6c9c57f1a7f2,0x31e0c65e5bd9a779dc6f85f5685ce3ac23bd3f3c,0.001,85744.0,0.006502684,0xe3ee160e,True,0x67a3176acd5db920747eef65b813b028ad143cdb,0x67a3176acd5db920747eef65b813b028ad143cdb,True,transferWithAuthorization,0.001,1771536299.0,1771537199.0,0x681844d5d8f3616b00847ee9ccafc30e269c64e19dd3bbc6d3bd68a2ffcabfb0
eip155:8453,42373799,2026-02-19 21:35:45+00:00,6981328.0,0x40bd8f104b1096454c77e0403bceeb4fb2ee257a33f195ccfcb3447287e68034,0x5af85bf450009901a223e89a047b6c9c57f1a7f2,0x31e0c65e5bd9a779dc6f85f5685ce3ac23bd3f3c,0.001,85776.0,0.006441849,0xe3ee160e,True,0x67a3176acd5db920747eef65b813b028ad143cdb,0x67a3176acd5db920747eef65b813b028ad143cdb,True,transferWithAuthorization,0.001,1771536341.0,1771537241.0,0x4b9dd03c37c7266cbdf50fcd2c236a1bce6bb2b1c63d28f2beaead453606f04c
eip155:8453,42373800,2026-02-19 21:35:47+00:00,6981330.0,0xceca01dc338d97574be3ca035de4a06551df4c4de0c35b94b65b25baa88b33df,0x5af85bf450009901a223e89a047b6c9c57f1a7f2,0x31e0c65e5bd9a779dc6f85f5685ce3ac23bd3f3c,0.001,85776.0,0.006436883,0xe3ee160e,True,0x67a3176acd5db920747eef65b813b028ad143cdb,0x67a3176acd5db920747eef65b813b028ad143cdb,True,transferWithAuthorization,0.001,1771536344.0,1771537244.0,0x7754d34cae22ae44873d7fa4382122f826917a3f76625eb7b469b1fad45cb5cc
eip155:8453,42373802,2026-02-19 21:35:51+00:00,6981334.0,0x40b976fb7f2ee577fea4983d85f6ea00170b66758958f6b52e50628a2b05f61e,0x5af85bf450009901a223e89a047b6c9c57f1a7f2,0x31e0c65e5bd9a779dc6f85f5685ce3ac23bd3f3c,0.001,85776.0,0.006440301,0xe3ee160e,True,0x67a3176acd5db920747eef65b813b028ad143cdb,0x67a3176acd5db920747eef65b813b028ad143cdb,True,transferWithAuthorization,0.001,1771536347.0,1771537247.0,0xc1858f04668432a7a5dbfd42d093ef0d65ee56bf76a154c847e14c62eb298173
eip155:8453,42373803,2026-02-19 21:35:53+00:00,6981336.0,0xe6e189084b60efc6b6452db13c728ba55e29cb807a846b45f8a3954e7619cfd9,0x5af85bf450009901a223e89a047b6c9c57f1a7f2,0x31e0c65e5bd9a779dc6f85f5685ce3ac23bd3f3c,0.001,85744.0,0.006432507,0xe3ee160e,True,0x67a3176acd5db920747eef65b813b028ad143cdb,0x67a3176acd5db920747eef65b813b028ad143cdb,True,transferWithAuthorization,0.001,1771536350.0,1771537250.0,0x17e840b3263723363d4117b4652f3250ca4c2d0431b2a8066e9800527168141f
eip155:8453,42404313,2026-02-20 14:32:53+00:00,7042356.0,0x4aed0cef9c18c0eb940788afa51bf9999026e330777bae9d456a0ceef5935bcd,0x5af85bf450009901a223e89a047b6c9c57f1a7f2,0x31e0c65e5bd9a779dc6f85f5685ce3ac23bd3f3c,0.001,85764.0,0.007102382,0xe3ee160e,True,0x67a3176acd5db920747eef65b813b028ad143cdb,0x67a3176acd5db920747eef65b813b028ad143cdb,True,transferWithAuthorization,0.001,1771597369.0,1771598269.0,0x013a350962d4271ae88700ad2ad1b81bc0c0b0a5f4aa060e0ac0c13d02965618
eip155:8453,42404315,2026-02-20 14:32:57+00:00,7042360.0,0x563cd7149ae77aa37d2d4a12d1ce7c8c4d163f48bf8bf2d218f28d38851a2626,0x5af85bf450009901a223e89a047b6c9c57f1a7f2,0x31e0c65e5bd9a779dc6f85f5685ce3ac23bd3f3c,0.001,85776.0,0.007089276,0xe3ee160e,True,0x67a3176acd5db920747eef65b813b028ad143cdb,0x67a3176acd5db920747eef65b813b028ad143cdb,True,transferWithAuthorization,0.001,1771597373.0,1771598273.0,0x3aa8c2b4a44942e43b2fc0535e8202871034a6fd119f6d3ea5af77ad7cffc7fb
eip155:8453,42404316,2026-02-20 14:32:59+00:00,7042362.0,0x894fdb5104e56bb70911a5afecff4f62127600955c50c0ccd806a41e28eea80a,0x5af85bf450009901a223e89a047b6c9c57f1a7f2,0x31e0c65e5bd9a779dc6f85f5685ce3ac23bd3f3c,0.001,85764.0,0.007076097,0xe3ee160e,True,0x67a3176acd5db920747eef65b813b028ad143cdb,0x67a3176acd5db920747eef65b813b028ad143cdb,True,transferWithAuthorization,0.001,1771597376.0,1771598276.0,0x50af706cc558bc48e891d734614ca50068abbc7ee46509a6b85616d95b5c496e
eip155:8453,42404317,2026-02-20 14:33:01+00:00,7042364.0,0x33666f0b553c65cd0ab7cd428bb73e306d492deb2f6575c666209aa0d6aa1673,0x5af85bf450009901a223e89a047b6c9c57f1a7f2,0x31e0c65e5bd9a779dc6f85f5685ce3ac23bd3f3c,0.001,85756.0,0.007066508,0xe3ee160e,True,0x67a3176acd5db920747eef65b813b028ad143cdb,0x67a3176acd5db920747eef65b813b028ad143cdb,True,transferWithAuthorization,0.001,1771597378.0,1771598278.0,0xb37836fa31802934638bcd3c7665ea2bc4cd524197a2a11999a5567d14dc3270
eip155:8453,42404318,2026-02-20 14:33:03+00:00,7042366.0,0x7009140b9ddbba95606bc9f067e55338ccdb10a8a2db024392a1ec89cb6a80fe,0x5af85bf450009901a223e89a047b6c9c57f1a7f2,0x31e0c65e5bd9a779dc6f85f5685ce3ac23bd3f3c,0.001,85756.0,0.007056605,0xe3ee160e,True,0x67a3176acd5db920747eef65b813b028ad143cdb,0x67a3176acd5db920747eef65b813b028ad143cdb,True,transferWithAuthorization,0.001,1771597380.0,1771598280.0,0xd00ec73c90a526e690aabd4097f487f08b06fa7dbeef832e9c446078d40366d0
eip155:8453,42404319,2026-02-20 14:33:05+00:00,7042368.0,0x2ee071e08eae51ebe8cb28e8736dc1cfe518019f4bd643beda8fc675a88e1d6f,0x5af85bf450009901a223e89a047b6c9c57f1a7f2,0x31e0c65e5bd9a779dc6f85f5685ce3ac23bd3f3c,0.001,85756.0,0.007057405,0xe3ee160e,True,0x67a3176acd5db920747eef65b813b028ad143cdb,0x67a3176acd5db920747eef65b813b028ad143cdb,True,transferWithAuthorization,0.001,1771597382.0,1771598282.0,0x9d5ea931ead311ef9bcbb3e2adcc5ac88b1361536d30c294bf9a4e9e2168bc73
eip155:8453,42404321,2026-02-20 14:33:09+00:00,7042372.0,0x615cd322fbce6d57db025eeeee58d0ee12f8429cdc06e366b2efd8a0869c135a,0x5af85bf450009901a223e89a047b6c9c57f1a7f2,0x31e0c65e5bd9a779dc6f85f5685ce3ac23bd3f3c,0.001,85776.0,0.007044603,0xe3ee160e,True,0x67a3176acd5db920747eef65b813b028ad143cdb,0x67a3176acd5db920747eef65b813b028ad143cdb,True,transferWithAuthorization,0.001,1771597385.0,1771598285.0,0x68688960c0b63c627e43955f269810c7afaac28f7df88acb3d08c69a098d32d3
eip155:8453,42404322,2026-02-20 14:33:11+00:00,7042374.0,0x404bc404c022ffc3e5f6c4d2ff463059d402f4804472baa40949d4a81f5983ab,0x5af85bf450009901a223e89a047b6c9c57f1a7f2,0x31e0c65e5bd9a779dc6f85f5685ce3ac23bd3f3c,0.001,85744.0,0.007067926,0xe3ee160e,True,0x67a3176acd5db920747eef65b813b028ad143cdb,0x67a3176acd5db920747eef65b813b028ad143cdb,True,transferWithAuthorization,0.001,1771597387.0,1771598287.0,0x59ea295eb3d4318da22062663f65e1907ef98e0375f1709aa5d61ab8a3a85619
eip155:8453,42404324,2026-02-20 14:33:15+00:00,7042378.0,0x3a11ed017ab4de7fe083a01852131ecf14df63bb71cb5e6034768816f4fbdf0d,0x5af85bf450009901a223e89a047b6c9c57f1a7f2,0x31e0c65e5bd9a779dc6f85f5685ce3ac23bd3f3c,0.001,85744.0,0.007062805,0xe3ee160e,True,0x67a3176acd5db920747eef65b813b028ad143cdb,0x67a3176acd5db920747eef65b813b028ad143cdb,True,transferWithAuthorization,0.001,1771597390.0,1771598290.0,0xd55dce2e4ddd0bb097504046c56882f8b1641961f222f81eeac93802b4afebd7
eip155:8453,42404325,2026-02-20 14:33:17+00:00,7042380.0,0x384ba3324029e7da4f30737dcb6e1bddea27e81b66c28175b5cbf4876f3a0d4b,0x5af85bf450009901a223e89a047b6c9c57f1a7f2,0x31e0c65e5bd9a779dc6f85f5685ce3ac23bd3f3c,0.001,85776.0,0.007086735,0xe3ee160e,True,0x67a3176acd5db920747eef65b813b028ad143cdb,0x67a3176acd5db920747eef65b813b028ad143cdb,True,transferWithAuthorization,0.001,1771597394.0,1771598294.0,0x0fafcb9db7f7e60c8ffad04e61cb96fab46315c0cecb87a3aff1be3e8aa632ae
eip155:8453,42404327,2026-02-20 14:33:21+00:00,7042384.0,0x28d608a7ac3c6a14e23f5f4f8790f352681ad5b54922ace72670c0e249c25e83,0x5af85bf450009901a223e89a047b6c9c57f1a7f2,0x31e0c65e5bd9a779dc6f85f5685ce3ac23bd3f3c,0.001,85756.0,0.007075359,0xe3ee160e,True,0x67a3176acd5db920747eef65b813b028ad143cdb,0x67a3176acd5db920747eef65b813b028ad143cdb,True,transferWithAuthorization,0.001,1771597397.0,1771598297.0,0x0dfb97ca8ade4e5b0dbb5b1627bfdf77e580ef314f2e14c8de925b6035d3f26a
eip155:8453,42404328,2026-02-20 14:33:23+00:00,7042386.0,0x3b5cc99cf97313ad97c0b2053151869405f402ac0cc355954910502b36c8526a,0x5af85bf450009901a223e89a047b6c9c57f1a7f2,0x31e0c65e5bd9a779dc6f85f5685ce3ac23bd3f3c,0.001,85756.0,0.007059676,0xe3ee160e,True,0x67a3176acd5db920747eef65b813b028ad143cdb,0x67a3176acd5db920747eef65b813b028ad143cdb,True,transferWithAuthorization,0.001,1771597400.0,1771598300.0,0x45cc059149961994ab6230cfc8cc445d16c03dff563aef421765312d2f92d597
eip155:8453,42404330,2026-02-20 14:33:27+00:00,7042390.0,0xa84e4540300071a79ea3b4a7dd48bc25baa0182faea504f191bf5942fa141cfa,0x5af85bf450009901a223e89a047b6c9c57f1a7f2,0x31e0c65e5bd9a779dc6f85f5685ce3ac23bd3f3c,0.001,85776.0,0.00704475,0xe3ee160e,True,0x67a3176acd5db920747eef65b813b028ad143cdb,0x67a3176acd5db920747eef65b813b028ad143cdb,True,transferWithAuthorization,0.001,1771597403.0,1771598303.0,0x68958a102aeef32a11cddc02331c5bf9385d124da6a577705daa2eebfaec67e0
eip155:8453,42404331,2026-02-20 14:33:29+00:00,7042392.0,0xd04e587574308f7941280340eacf9cdf442f88044cf76b1afc3c0a9aaced8adc,0x5af85bf450009901a223e89a047b6c9c57f1a7f2,0x31e0c65e5bd9a779dc6f85f5685ce3ac23bd3f3c,0.001,85756.0,0.007037648,0xe3ee160e,True,0x67a3176acd5db920747eef65b813b028ad143cdb,0x67a3176acd5db920747eef65b813b028ad143cdb,True,transferWithAuthorization,0.001,1771597405.0,1771598305.0,0xaf4226025db946e215caa9a3b620f8d2354c5237126e1ff80be706ea79429fe7
eip155:8453,42404332,2026-02-20 14:33:31+00:00,7042394.0,0xa68496c9d5778b4961453e30bf9f8f3eb9134aee98d2ed8be7851c789ab45ce5,0x5af85bf450009901a223e89a047b6c9c57f1a7f2,0x31e0c65e5bd9a779dc6f85f5685ce3ac23bd3f3c,0.001,85776.0,0.007040538,0xe3ee160e,True,0x67a3176acd5db920747eef65b813b028ad143cdb,0x67a3176acd5db920747eef65b813b028ad143cdb,True,transferWithAuthorization,0.001,1771597408.0,1771598308.0,0x5794f5d17377fe5afced6ce01eb7755782057013251a5774caafdd274025bbfa
eip155:8453,42404333,2026-02-20 14:33:33+00:00,7042396.0,0x6386f0d224340dc15092d3fdd0e16fd83c2a2d8d8682667104f8f178f8a92d0a,0x5af85bf450009901a223e89a047b6c9c57f1a7f2,0x31e0c65e5bd9a779dc6f85f5685ce3ac23bd3f3c,0.001,85776.0,0.007026485,0xe3ee160e,True,0x67a3176acd5db920747eef65b813b028ad143cdb,0x67a3176acd5db920747eef65b813b028ad143cdb,True,transferWithAuthorization,0.001,1771597410.0,1771598310.0,0x51c50ed8c99831ddf261a5690328cf22d6b13bb15c55dcd44413bca037359e6c
eip155:8453,42404335,2026-02-20 14:33:37+00:00,7042400.0,0x0eb8bb02464015c8e321068edfb1c9c3f4a4abb7cd9d78320d6884a1fea613ac,0x5af85bf450009901a223e89a047b6c9c57f1a7f2,0x31e0c65e5bd9a779dc6f85f5685ce3ac23bd3f3c,0.001,85756.0,0.007020662,0xe3ee160e,True,0x67a3176acd5db920747eef65b813b028ad143cdb,0x67a3176acd5db920747eef65b813b028ad143cdb,True,transferWithAuthorization,0.001,1771597413.0,1771598313.0,0x5717f12044508824cd5a7bea9e41b35903e0b3a3122fb4f6a269ee2236315994
eip155:8453,42404336,2026-02-20 14:33:39+00:00,7042402.0,0x92d2e48cee1d13ebc06b6d62a47d27d68bcc2bb448f041672e706822ebab2471,0x5af85bf450009901a223e89a047b6c9c57f1a7f2,0x31e0c65e5bd9a779dc6f85f5685ce3ac23bd3f3c,0.001,85744.0,0.007013124,0xe3ee160e,True,0x67a3176acd5db920747eef65b813b028ad143cdb,0x67a3176acd5db920747eef65b813b028ad143cdb,True,transferWithAuthorization,0.001,1771597416.0,1771598316.0,0x1d287d762ff7a04c24a97cc0de744aac6ccb2ba53535d06e8062cbc9be3197a7
eip155:8453,42404338,2026-02-20 14:33:43+00:00,7042406.0,0xbedb258f9cfdbbfe6260b76399413ec22460944273785eb753cb399d6eac6a4f,0x5af85bf450009901a223e89a047b6c9c57f1a7f2,0x31e0c65e5bd9a779dc6f85f5685ce3ac23bd3f3c,0.001,85764.0,0.007006404,0xe3ee160e,True,0x67a3176acd5db920747eef65b813b028ad143cdb,0x67a3176acd5db920747eef65b813b028ad143cdb,True,transferWithAuthorization,0.001,1771597419.0,1771598319.0,0x9010ba7ababa7582adec75efc74b92c263ad3f7278f8dfeb2456bc6f379e11a1
eip155:8453,42404340,2026-02-20 14:33:47+00:00,7042410.0,0x0e1d217617c8b8557617a51a8c73f364bbd0a566adebaab8307477bb8af54a12,0x5af85bf450009901a223e89a047b6c9c57f1a7f2,0x31e0c65e5bd9a779dc6f85f5685ce3ac23bd3f3c,0.001,85756.0,0.006994188,0xe3ee160e,True,0x67a3176acd5db920747eef65b813b028ad143cdb,0x67a3176acd5db920747eef65b813b028ad143cdb,True,transferWithAuthorization,0.001,1771597423.0,1771598323.0,0x03a87bcfd351ba659c147cdcc9aae0edd42d5e75a0027355244819a4c0bfd698
eip155:8453,42404341,2026-02-20 14:33:49+00:00,7042412.0,0x08f4b63e54555bf68e225278390699d9daac15c7529476ca6df0355cd9911601,0x5af85bf450009901a223e89a047b6c9c57f1a7f2,0x31e0c65e5bd9a779dc6f85f5685ce3ac23bd3f3c,0.001,85756.0,0.007009913,0xe3ee160e,True,0x67a3176acd5db920747eef65b813b028ad143cdb,0x67a3176acd5db920747eef65b813b028ad143cdb,True,transferWithAuthorization,0.001,1771597426.0,1771598326.0,0x8b622706a3a92832a1af1639575f4c6740ed961f948925575c6f1f189cbc2d44
eip155:8453,42405550,2026-02-20 15:14:07+00:00,7044830.0,0xa3c534f0d5d307e5888f6b6a38446e2564a3b3994dee0e677e8e7db09fac5656,0x5af85bf450009901a223e89a047b6c9c57f1a7f2,0x31e0c65e5bd9a779dc6f85f5685ce3ac23bd3f3c,0.001,85744.0,0.016457687,0xe3ee160e,True,0x67a3176acd5db920747eef65b813b028ad143cdb,0x67a3176acd5db920747eef65b813b028ad143cdb,True,transferWithAuthorization,0.001,1771599842.0,1771600742.0,0x235e0e6d0f449c933de81f59512005621913a73a97331f5d3cecf6e27b2f0b25
eip155:8453,42405551,2026-02-20 15:14:09+00:00,7044832.0,0x51ca9f845d02513a8b4137c51f3170eaf136befd27e57d4fa0ced73180966535,0x5af85bf450009901a223e89a047b6c9c57f1a7f2,0x31e0c65e5bd9a779dc6f85f5685ce3ac23bd3f3c,0.001,85744.0,0.016459122,0xe3ee160e,True,0x67a3176acd5db920747eef65b813b028ad143cdb,0x67a3176acd5db920747eef65b813b028ad143cdb,True,transferWithAuthorization,0.001,1771599845.0,1771600745.0,0x4ed619e2ba7c944a18dac3e37262006fb017c47bf19ef3df7e882e52742073d2
eip155:8453,42405553,2026-02-20 15:14:13+00:00,7044836.0,0x0409b0a7705838a61357287347835f8e2c004d16c60308a47acfcc66f669ab6f,0x5af85bf450009901a223e89a047b6c9c57f1a7f2,0x31e0c65e5bd9a779dc6f85f5685ce3ac23bd3f3c,0.001,85764.0,0.016475643,0xe3ee160e,True,0x67a3176acd5db920747eef65b813b028ad143cdb,0x67a3176acd5db920747eef65b813b028ad143cdb,True,transferWithAuthorization,0.001,1771599849.0,1771600749.0,0xacb55a2980b497929cd1be4b80c50db4595840d1b888ced408ad0267ad3cbc14
eip155:8453,42405555,2026-02-20 15:14:17+00:00,7044840.0,0xa0f2344590f3f93f289993f97a40fd59bc71be3c4422624f04c0eafb969356f4,0x5af85bf450009901a223e89a047b6c9c57f1a7f2,0x31e0c65e5bd9a779dc6f85f5685ce3ac23bd3f3c,0.001,85776.0,0.016504262,0xe3ee160e,True,0x67a3176acd5db920747eef65b813b028ad143cdb,0x67a3176acd5db920747eef65b813b028ad143cdb,True,transferWithAuthorization,0.001,1771599852.0,1771600752.0,0x49718d4434df96ba9e231a7c56cdd09056092a91c0e2366962470873417cc5e5
eip155:8453,42405557,2026-02-20 15:14:21+00:00,7044844.0,0x242c1d2e1fbda284c9f82c8554b712d508093f0d17c6295d32bc5454e7e25ee8,0x5af85bf450009901a223e89a047b6c9c57f1a7f2,0x31e0c65e5bd9a779dc6f85f5685ce3ac23bd3f3c,0.001,85776.0,0.01648625,0xe3ee160e,True,0x67a3176acd5db920747eef65b813b028ad143cdb,0x67a3176acd5db920747eef65b813b028ad143cdb,True,transferWithAuthorization,0.001,1771599857.0,1771600757.0,0xabbd11ec8dd8639ccc9887a3639613dd3df19f0ac0171561cc7b13b0245a833c
eip155:8453,42405559,2026-02-20 15:14:25+00:00,7044848.0,0x51e7e006dbc6e1ce8cc5cab61322e3437ab04a02de3900d6c98bb804932062d9,0x5af85bf450009901a223e89a047b6c9c57f1a7f2,0x31e0c65e5bd9a779dc6f85f5685ce3ac23bd3f3c,0.001,85744.0,0.016551994,0xe3ee160e,True,0x67a3176acd5db920747eef65b813b028ad143cdb,0x67a3176acd5db920747eef65b813b028ad143cdb,True,transferWithAuthorization,0.001,1771599860.0,1771600760.0,0xfd95c1baeb668881769752b67e9f478c190358828037baf3eccf00d5b43dce0b
eip155:8453,42405560,2026-02-20 15:14:27+00:00,7044850.0,0x5f7d2d1b8cc5f150ca747bc4c9270b877dbef3564e36ffda33f7e50adb1ddfbb,0x5af85bf450009901a223e89a047b6c9c57f1a7f2,0x31e0c65e5bd9a779dc6f85f5685ce3ac23bd3f3c,0.001,85776.0,0.016549396,0xe3ee160e,True,0x67a3176acd5db920747eef65b813b028ad143cdb,0x67a3176acd5db920747eef65b813b028ad143cdb,True,transferWithAuthorization,0.001,1771599864.0,1771600764.0,0xd42b969645a4b912d06878189f04852dc9bf24c18592729fb3d9f6b0d9389315
eip155:8453,42405562,2026-02-20 15:14:31+00:00,7044854.0,0xaff1e2d028c09088226f15a4eea5d174ab3891b4852ca100b84bc9952ad8fa88,0x5af85bf450009901a223e89a047b6c9c57f1a7f2,0x31e0c65e5bd9a779dc6f85f5685ce3ac23bd3f3c,0.001,85756.0,0.016556601,0xe3ee160e,True,0x67a3176acd5db920747eef65b813b028ad143cdb,0x67a3176acd5db920747eef65b813b028ad143cdb,True,transferWithAuthorization,0.001,1771599867.0,1771600767.0,0x3f40e970887f7c9bd6aee7cc254b2a23cb2a4e9a681f448a7cc60f58883692c7
eip155:8453,42405564,2026-02-20 15:14:35+00:00,7044858.0,0x1d7fc217b627f16d312cb12246eb9ec721bddd6aac71ffa5d04efe9feace17c1,0x5af85bf450009901a223e89a047b6c9c57f1a7f2,0x31e0c65e5bd9a779dc6f85f5685ce3ac23bd3f3c,0.001,85744.0,0.016598264,0xe3ee160e,True,0x67a3176acd5db920747eef65b813b028ad143cdb,0x67a3176acd5db920747eef65b813b028ad143cdb,True,transferWithAuthorization,0.001,1771599871.0,1771600771.0,0xbeee3cbc95fe9b9f4c679c9cad04b81407e8d411b61f2b7c6488d1d0cda96a67
eip155:8453,42405565,2026-02-20 15:14:37+00:00,7044860.0,0xc69cf68bf82870b549f9ad77e265138346e87bbce82a259d698bd881195d506b,0x5af85bf450009901a223e89a047b6c9c57f1a7f2,0x31e0c65e5bd9a779dc6f85f5685ce3ac23bd3f3c,0.001,85756.0,0.016675026,0xe3ee160e,True,0x67a3176acd5db920747eef65b813b028ad143cdb,0x67a3176acd5db920747eef65b813b028ad143cdb,True,transferWithAuthorization,0.001,1771599874.0,1771600774.0,0x45c8d9e5db9578af70f76cc087cd871e6f85c7e3f82af5ff6795f8f3c9af68d0
eip155:8453,42405567,2026-02-20 15:14:41+00:00,7044864.0,0xb2b6086feb111c68464040082502e312b6d66eb1e1fa04d02d4ad2052dc8e4bd,0x5af85bf450009901a223e89a047b6c9c57f1a7f2,0x31e0c65e5bd9a779dc6f85f5685ce3ac23bd3f3c,0.001,85744.0,0.016756987,0xe3ee160e,True,0x67a3176acd5db920747eef65b813b028ad143cdb,0x67a3176acd5db920747eef65b813b028ad143cdb,True,transferWithAuthorization,0.001,1771599877.0,1771600777.0,0x44af3e5525009cc050f09ebf60cc2fffb2e0c7f03fc2f01327536b9377e21e96
eip155:8453,42405569,2026-02-20 15:14:45+00:00,7044868.0,0xb48be7e117144dab2ad651e5f74fde2e8da71ee468169e8399bb2af7fb912268,0x5af85bf450009901a223e89a047b6c9c57f1a7f2,0x31e0c65e5bd9a779dc6f85f5685ce3ac23bd3f3c,0.001,85744.0,0.016947798,0xe3ee160e,True,0x67a3176acd5db920747eef65b813b028ad143cdb,0x67a3176acd5db920747eef65b813b028ad143cdb,True,transferWithAuthorization,0.001,1771599881.0,1771600781.0,0xe73abdd0d7974649ff98646855f4d251bbb968725078fd59eb39c92f92c71d83
eip155:8453,42405571,2026-02-20 15:14:49+00:00,7044872.0,0xb05cff2d7c271be46902c88b14f9514df3445db895c40010cfa94fe78894cc45,0x5af85bf450009901a223e89a047b6c9c57f1a7f2,0x31e0c65e5bd9a779dc6f85f5685ce3ac23bd3f3c,0.001,85744.0,0.017095522,0xe3ee160e,True,0x67a3176acd5db920747eef65b813b028ad143cdb,0x67a3176acd5db920747eef65b813b028ad143cdb,True,transferWithAuthorization,0.001,1771599885.0,1771600785.0,0x3cf3602494eab30124cc218b93bcb9009d232bb93750fef9ed8f0be5bb1e991d
eip155:8453,42405573,2026-02-20 15:14:53+00:00,7044876.0,0x618fa6177d43a1b83c6a811a5c3fb6fcf7807ff64911605e86980d95f2ca8ed3,0x5af85bf450009901a223e89a047b6c9c57f1a7f2,0x31e0c65e5bd9a779dc6f85f5685ce3ac23bd3f3c,0.001,85756.0,0.017109007,0xe3ee160e,True,0x67a3176acd5db920747eef65b813b028ad143cdb,0x67a3176acd5db920747eef65b813b028ad143cdb,True,transferWithAuthorization,0.001,1771599888.0,1771600788.0,0x5f9e7f1f31e6c07069435cad1e2a33483e8bce6127d22a43568473abaf777d4e
eip155:8453,42405575,2026-02-20 15:14:57+00:00,7044880.0,0xebfe5e22e19da5f05e62ab1353c981a9167992bcb340dc4e4d5f7dbd8621e0da,0x5af85bf450009901a223e89a047b6c9c57f1a7f2,0x31e0c65e5bd9a779dc6f85f5685ce3ac23bd3f3c,0.001,85756.0,0.017134321,0xe3ee160e,True,0x67a3176acd5db920747eef65b813b028ad143cdb,0x67a3176acd5db920747eef65b813b028ad143cdb,True,transferWithAuthorization,0.001,1771599892.0,1771600792.0,0xa74da20632e355af6c5b3b4897685d2c3c1be645288a5de554461cc05a7317ee
eip155:8453,42405576,2026-02-20 15:14:59+00:00,7044882.0,0x25b3994ffda542ffab75d91017a8dfa2d7fd23da1e7ed7b3e76f80c194c30f2c,0x5af85bf450009901a223e89a047b6c9c57f1a7f2,0x31e0c65e5bd9a779dc6f85f5685ce3ac23bd3f3c,0.001,85764.0,0.017138512,0xe3ee160e,True,0x67a3176acd5db920747eef65b813b028ad143cdb,0x67a3176acd5db920747eef65b813b028ad143cdb,True,transferWithAuthorization,0.001,1771599896.0,1771600796.0,0x7a4b14cb9bdb69df033c8d2b4ce26c85fba90370177043db913fd4e7deec7a2d
eip155:8453,42405578,2026-02-20 15:15:03+00:00,7044886.0,0x067350ded4dd11858f574bd34c2796ab8351877e43122db3358467e5a0fbc884,0x5af85bf450009901a223e89a047b6c9c57f1a7f2,0x31e0c65e5bd9a779dc6f85f5685ce3ac23bd3f3c,0.001,85756.0,0.017143645,0xe3ee160e,True,0x67a3176acd5db920747eef65b813b028ad143cdb,0x67a3176acd5db920747eef65b813b028ad143cdb,True,transferWithAuthorization,0.001,1771599899.0,1771600799.0,0x35b9e44bd84af0be0ddc289b372c6c1559a88ddbb7f8c385470baf3106d49e9d
eip155:8453,42405771,2026-02-20 15:21:29+00:00,7045272.0,0x9546986ff4b600d624cc6145dabb11beb3db247d0f9ac4ac5899d61a5b776c87,0x5af85bf450009901a223e89a047b6c9c57f1a7f2,0x31e0c65e5bd9a779dc6f85f5685ce3ac23bd3f3c,0.001,85776.0,0.016209382,0xe3ee160e,True,0x67a3176acd5db920747eef65b813b028ad143cdb,0x67a3176acd5db920747eef65b813b028ad143cdb,True,transferWithAuthorization,0.001,1771600284.0,1771601184.0,0x64c9e5aeb8ca0c7470172dbb5b913dbd50d1aeb0a4815bb06ee16a5cecf9b6ed
eip155:8453,42405773,2026-02-20 15:21:33+00:00,7045276.0,0x50d43782938f65860076361d4e59c1b8d7a1f5156299dc956b896455c28548d4,0x5af85bf450009901a223e89a047b6c9c57f1a7f2,0x31e0c65e5bd9a779dc6f85f5685ce3ac23bd3f3c,0.001,85744.0,0.016169604,0xe3ee160e,True,0x67a3176acd5db920747eef65b813b028ad143cdb,0x67a3176acd5db920747eef65b813b028ad143cdb,True,transferWithAuthorization,0.001,1771600288.0,1771601188.0,0x638429d642dfcd009f7f173862fcd3455661611f8b490b3d5fbb7f840b17b146
eip155:8453,42405775,2026-02-20 15:21:37+00:00,7045280.0,0x7c2f6e5b70664366623675b4b69afada55d5c15dabb8e3e9d4241a101cb845b3,0x5af85bf450009901a223e89a047b6c9c57f1a7f2,0x31e0c65e5bd9a779dc6f85f5685ce3ac23bd3f3c,0.001,85756.0,0.016102262,0xe3ee160e,True,0x67a3176acd5db920747eef65b813b028ad143cdb,0x67a3176acd5db920747eef65b813b028ad143cdb,True,transferWithAuthorization,0.001,1771600292.0,1771601192.0,0xed5ae1df2c1ccff4988e89b529c81459f7bfafb27bd0acd7bc468828efb3cac3
eip155:8453,42405777,2026-02-20 15:21:41+00:00,7045284.0,0xf09393f10a26a1b570b1ff7c279f4c0bdd3abb6766fa2ea0ef33da3ce4039fe6,0x5af85bf450009901a223e89a047b6c9c57f1a7f2,0x31e0c65e5bd9a779dc6f85f5685ce3ac23bd3f3c,0.001,85776.0,0.016063677,0xe3ee160e,True,0x67a3176acd5db920747eef65b813b028ad143cdb,0x67a3176acd5db920747eef65b813b028ad143cdb,True,transferWithAuthorization,0.001,1771600296.0,1771601196.0,0x2a0d3107b27f48dcf2a3125365e4914024ef709eec5a2ffcbbaa9c876838ed65
eip155:8453,42405779,2026-02-20 15:21:45+00:00,7045288.0,0x493efe3bff3db95b55153333198502cafa5694d418038e2de47b342035f486a4,0x5af85bf450009901a223e89a047b6c9c57f1a7f2,0x31e0c65e5bd9a779dc6f85f5685ce3ac23bd3f3c,0.001,85776.0,0.015985055,0xe3ee160e,True,0x67a3176acd5db920747eef65b813b028ad143cdb,0x67a3176acd5db920747eef65b813b028ad143cdb,True,transferWithAuthorization,0.001,1771600301.0,1771601201.0,0x6e2783fb473f979e11b92a54c47298f33f0b754950cf68d55d15e85374d838bd
eip155:8453,42405781,2026-02-20 15:21:49+00:00,7045292.0,0xfc07d8674127b667f714ceeba2c83c494e23ed9ec8e2a0616d5a2822f6b05956,0x5af85bf450009901a223e89a047b6c9c57f1a7f2,0x31e0c65e5bd9a779dc6f85f5685ce3ac23bd3f3c,0.001,85776.0,0.015986406,0xe3ee160e,True,0x67a3176acd5db920747eef65b813b028ad143cdb,0x67a3176acd5db920747eef65b813b028ad143cdb,True,transferWithAuthorization,0.001,1771600305.0,1771601205.0,0x1aea95547d5e34f7b47ab031d5743d4104f85dd87c6b93f629a0510a274f718d
eip155:8453,42405783,2026-02-20 15:21:53+00:00,7045296.0,0x3695adca08794395a59d82211f474612c76c875d84cf47f8c7e70aa13fd7f0f9,0x5af85bf450009901a223e89a047b6c9c57f1a7f2,0x31e0c65e5bd9a779dc6f85f5685ce3ac23bd3f3c,0.001,85756.0,0.015990733,0xe3ee160e,True,0x67a3176acd5db920747eef65b813b028ad143cdb,0x67a3176acd5db920747eef65b813b028ad143cdb,True,transferWithAuthorization,0.001,1771600309.0,1771601209.0,0x56681034e00abc51095fa7bc1c7d84d90bb455cccd37a9b6223fc9b377282790
eip155:8453,42405785,2026-02-20 15:21:57+00:00,7045300.0,0xcf247274f7be0deab52e08b240a4095fa9a0f355b6ba9aea78752aae4111a2ae,0x5af85bf450009901a223e89a047b6c9c57f1a7f2,0x31e0c65e5bd9a779dc6f85f5685ce3ac23bd3f3c,0.001,85756.0,0.0159331,0xe3ee160e,True,0x67a3176acd5db920747eef65b813b028ad143cdb,0x67a3176acd5db920747eef65b813b028ad143cdb,True,transferWithAuthorization,0.001,1771600313.0,1771601213.0,0x78c729f2877eda3dcd98d63214c443c4d7dbd95c05a3419bebe7f6f19b38b5e2
eip155:8453,42405787,2026-02-20 15:22:01+00:00,7045304.0,0x787cae1f3ce7966114331ed5298bd26b90afe3c79595f02fd110c4567f16721f,0x5af85bf450009901a223e89a047b6c9c57f1a7f2,0x31e0c65e5bd9a779dc6f85f5685ce3ac23bd3f3c,0.001,85756.0,0.015885904,0xe3ee160e,True,0x67a3176acd5db920747eef65b813b028ad143cdb,0x67a3176acd5db920747eef65b813b028ad143cdb,True,transferWithAuthorization,0.001,1771600317.0,1771601217.0,0x8fd144e15a67e15ab8ba453bb593c72cc4770cd8fdb704ae03676fb42b3cf134
eip155:8453,42405789,2026-02-20 15:22:05+00:00,7045308.0,0x88039e5068e6e0892ed6f223eac33d544fbcf2d9edda55a2b97c86a82b9e6c51,0x5af85bf450009901a223e89a047b6c9c57f1a7f2,0x31e0c65e5bd9a779dc6f85f5685ce3ac23bd3f3c,0.001,85776.0,0.015887805,0xe3ee160e,True,0x67a3176acd5db920747eef65b813b028ad143cdb,0x67a3176acd5db920747eef65b813b028ad143cdb,True,transferWithAuthorization,0.001,1771600321.0,1771601221.0,0x7a5389ff49edfa40fcc794aa6e34ebb6c0ae2d48b54f09e1d27babbde434f163
eip155:8453,42405791,2026-02-20 15:22:09+00:00,7045312.0,0x071c7dc346c0a50d966774a9f8072eac1f1dc7c5a7b5df74eeffcda274c2ba1e,0x5af85bf450009901a223e89a047b6c9c57f1a7f2,0x31e0c65e5bd9a779dc6f85f5685ce3ac23bd3f3c,0.001,85756.0,0.015840376,0xe3ee160e,True,0x67a3176acd5db920747eef65b813b028ad143cdb,0x67a3176acd5db920747eef65b813b028ad143cdb,True,transferWithAuthorization,0.001,1771600325.0,1771601225.0,0xd682d480891fefed85762a239622c8340cbcb3a14415c6f982a557a5d624769d
eip155:8453,42405793,2026-02-20 15:22:13+00:00,7045316.0,0xdba72b9809667372db544e049e0475cbb4ba0f6fcf87c78e40a00fd23e3f8f99,0x5af85bf450009901a223e89a047b6c9c57f1a7f2,0x31e0c65e5bd9a779dc6f85f5685ce3ac23bd3f3c,0.001,85744.0,0.015846715,0xe3ee160e,True,0x67a3176acd5db920747eef65b813b028ad143cdb,0x67a3176acd5db920747eef65b813b028ad143cdb,True,transferWithAuthorization,0.001,1771600330.0,1771601230.0,0x098ddf5d4e9995e6cd68a34bbc04e964f811ec0032b09d41e65ebb5b7c627f44
eip155:8453,42405796,2026-02-20 15:22:19+00:00,7045322.0,0xc0aac6c45df45e683c2d38f8a8fe469f765573f868c0e16803ab13644eec3abf,0x5af85bf450009901a223e89a047b6c9c57f1a7f2,0x31e0c65e5bd9a779dc6f85f5685ce3ac23bd3f3c,0.001,85744.0,0.015777436,0xe3ee160e,True,0x67a3176acd5db920747eef65b813b028ad143cdb,0x67a3176acd5db920747eef65b813b028ad143cdb,True,transferWithAuthorization,0.001,1771600334.0,1771601234.0,0xe6b7a7ab9f320738785146fbbfd3fe4fb27dc863acc7c2534ec14be07b8c07ab
eip155:8453,42405798,2026-02-20 15:22:23+00:00,7045326.0,0xf6ea5ae47c435df2941a0c662b8f9404bc3e5774a3143ee3adbc17ab1727bd84,0x5af85bf450009901a223e89a047b6c9c57f1a7f2,0x31e0c65e5bd9a779dc6f85f5685ce3ac23bd3f3c,0.001,85732.0,0.015746118,0xe3ee160e,True,0x67a3176acd5db920747eef65b813b028ad143cdb,0x67a3176acd5db920747eef65b813b028ad143cdb,True,transferWithAuthorization,0.001,1771600338.0,1771601238.0,0xb82bde869d160042fd09253dff094bf6703b8c2a594618ff19b2954492a416aa
eip155:8453,42405800,2026-02-20 15:22:27+00:00,7045330.0,0x476a1fd5530454914619d4fb231af1a4dc6a928b7c33ffe4ccef082f67f44760,0x5af85bf450009901a223e89a047b6c9c57f1a7f2,0x31e0c65e5bd9a779dc6f85f5685ce3ac23bd3f3c,0.001,85752.0,0.015703054,0xe3ee160e,True,0x67a3176acd5db920747eef65b813b028ad143cdb,0x67a3176acd5db920747eef65b813b028ad143cdb,True,transferWithAuthorization,0.001,1771600342.0,1771601242.0,0x05d7005e8e5f60c364aece94d759c20e0f6ddd07f44bda048ad64c8c363ca838
eip155:8453,42841082,2026-03-02 17:11:51+00:00,7915894.0,0x4a5973a44ef10e035bced271266791ca0fd306a1e66ab69710514f9b3f0a37fe,0x819cec2b26daee01795968e1ef76d7d40add500d,0xe6c6160749382f4d4d7285465c53d47fa269a872,0.002,102844.0,0.020282129,0xe3ee160e,True,0x67a3176acd5db920747eef65b813b028ad143cdb,0x67a3176acd5db920747eef65b813b028ad143cdb,True,transferWithAuthorization,0.002,1772470904.0,1772471564.0,0x0138467bdf67d9a78cf863004e319a00b12f0d028ed33407049d9872e5d2679d
eip155:8453,42841115,2026-03-02 17:12:57+00:00,7915960.0,0x87330c7aa8d7cd8b3178c394c29e1bff5200c8cce766b75118dd457d482d5244,0x819cec2b26daee01795968e1ef76d7d40add500d,0xe6c6160749382f4d4d7285465c53d47fa269a872,0.002,85788.0,0.020729093,0xe3ee160e,True,0x67a3176acd5db920747eef65b813b028ad143cdb,0x67a3176acd5db920747eef65b813b028ad143cdb,True,transferWithAuthorization,0.002,1772470971.0,1772471631.0,0x94135ad76fa56dc70e46b30fea6bc7465a50905df8e7c8764aaafbbc49732afd
eip155:8453,42841665,2026-03-02 17:31:17+00:00,7917060.0,0x0aa56c77750f340712b05de92be66b544023218733e1235a7e7428a9cfbdaeb5,0x819cec2b26daee01795968e1ef76d7d40add500d,0xe6c6160749382f4d4d7285465c53d47fa269a872,0.002,85768.0,0.013766738,0xe3ee160e,True,0x67a3176acd5db920747eef65b813b028ad143cdb,0x67a3176acd5db920747eef65b813b028ad143cdb,True,transferWithAuthorization,0.002,1772472070.0,1772472730.0,0x0530425164de9684d4b97033517dc4266fe349068807072b6c1c1207b91ad4af
eip155:8453,42843736,2026-03-02 18:40:19+00:00,7921202.0,0x7c8445456514cf843601b64c59c38383ff9daa3d2a4276dc2e679573256fc066,0x819cec2b26daee01795968e1ef76d7d40add500d,0xe6c6160749382f4d4d7285465c53d47fa269a872,0.002,85768.0,0.009549878,0xe3ee160e,True,0x67a3176acd5db920747eef65b813b028ad143cdb,0x67a3176acd5db920747eef65b813b028ad143cdb,True,transferWithAuthorization,0.002,1772476211.0,1772476871.0,0x5da501a42e79948597ab9763323a666227644a9f5c6e7331c3e73daca0907eb5
eip155:8453,42843945,2026-03-02 18:47:17+00:00,7921620.0,0x5852cf71272449f94b82b875ca27ec331c35f999107b78b2ebebcbcbf2d6f65c,0x819cec2b26daee01795968e1ef76d7d40add500d,0xe6c6160749382f4d4d7285465c53d47fa269a872,0.002,85768.0,0.009750991,0xe3ee160e,True,0x67a3176acd5db920747eef65b813b028ad143cdb,0x67a3176acd5db920747eef65b813b028ad143cdb,True,transferWithAuthorization,0.002,1772476632.0,1772477292.0,0x0edd5ce8e97ce9ec1edae64b37692de9ff04a9f904eb23bfa5ab1d7afe46540f
eip155:8453,42857452,2026-03-03 02:17:31+00:00,7948634.0,0xa44217cf91b69d42f40241fafdf5e7ff26967fd890352313cd2cbbb79c3b6e58,0x819cec2b26daee01795968e1ef76d7d40add500d,0xe6c6160749382f4d4d7285465c53d47fa269a872,0.002,85776.0,0.00600743,0xe3ee160e,True,0x67a3176acd5db920747eef65b813b028ad143cdb,0x67a3176acd5db920747eef65b813b028ad143cdb,True,transferWithAuthorization,0.002,1772503644.0,1772504304.0,0x43824258b5e88f8f20c91bf07c63d2b36b6b509c112a09b92209f600d9069297
eip155:8453,42884065,2026-03-03 17:04:37+00:00,8001860.0,0x4b82c1f7b3c5747db1769ed9ba89342f9aaae00567693bb94b8031700d322d7c,0x819cec2b26daee01795968e1ef76d7d40add500d,0xe6c6160749382f4d4d7285465c53d47fa269a872,0.002,85756.0,0.0092715,0xe3ee160e,True,0x67a3176acd5db920747eef65b813b028ad143cdb,0x67a3176acd5db920747eef65b813b028ad143cdb,True,transferWithAuthorization,0.002,1772556870.0,1772557530.0,0x9261b9d91c7005f2347211bd48b1359e0a0e5717aee8b5cc316dccbf4bc610c8
