from_addr,composite_score,tier,inter_arrival_anomaly,tod_uniformity_anomaly,gas_tightness_anomaly,counterparty_concentration,method_concentration,burst_intensity,drift_signal,coordination,explanation
0x9430801ebaf509ad49202aabc5f5bc6fd8a3daf8,39.60170678870673,medium,100.0,18.242552380635637,18.242552380635637,18.242552380635637,18.242552380635637,18.242552380635637,50.56762881264182,57.32941652707437,inter-arrival CV 1.00 (bursty); coordinated with 545 other wallets; 100% of late-window tx to new counterparties
0x4029a9b430a86363a791d7079270c490cdc6a579,38.090471180498994,medium,100.0,18.242552380635637,18.242552380635637,18.242552380635637,18.242552380635637,18.242552380635637,27.340664720355424,62.7391552005471,inter-arrival CV 0.36 (bursty); coordinated with 571 other wallets; 67% of late-window tx to new counterparties
0x2cff890f0378a11913b6129b2e97417a2c302680,37.36671299117232,medium,100.0,18.242552380635637,18.242552380635637,18.242552380635637,18.242552380635637,18.242552380635637,35.95399176074925,52.17188257810672,inter-arrival CV 0.78 (bursty); coordinated with 521 other wallets; 80% of late-window tx to new counterparties
0xeb27e2a5c5842e7d4840761ad4b7c4b2182663f5,36.28222067019361,medium,100.0,18.242552380635637,18.242552380635637,18.242552380635637,18.242552380635637,18.242552380635637,7.7445211487036865,63.74824751294571,inter-arrival CV 0.82 (bursty); coordinated with 576 other wallets; 24h-uniform timing (KS 0.96)
0x285282aeacccdd62236d2ae3b579e98e38edab3e,35.65702313122541,medium,100.0,18.242552380635637,18.242552380635637,18.242552380635637,18.242552380635637,18.242552380635637,4.844665475728493,61.51350103514114,inter-arrival CV 0.96 (bursty); coordinated with 565 other wallets; 24h-uniform timing (KS 0.96)
0x3304e22ddaa22bcdc5fca2269b418046ae7b566a,35.51877559948554,medium,100.0,18.242552380635637,18.242552380635637,18.242552380635637,18.242552380635637,18.242552380635637,50.56762881264182,30.1098752655998,inter-arrival CV 0.85 (bursty); 100% of late-window tx to new counterparties; coordinated with 414 other wallets
0x8ccb6434000a82ca5811906971a27c289e0ac9bf,35.302599593202984,medium,100.0,18.242552380635637,18.242552380635637,18.242552380635637,18.242552380635637,18.242552380635637,50.56762881264182,28.66870189038277,inter-arrival CV 0.12 (cron); 100% of late-window tx to new counterparties; coordinated with 406 other wallets
0x70114f99f5b5f8068a9f4fdd01f9350ce866a709,35.21979348116506,medium,100.0,18.242552380635637,18.242552380635637,18.242552380635637,18.242552380635637,18.242552380635637,4.844665475728493,58.598636701405496,inter-arrival CV 0.60 (bursty); coordinated with 551 other wallets; 24h-uniform timing (KS 0.96)
0xcdc701dc513141ddbdfe902c97d4bfb3a69dac1b,35.21979348116506,medium,100.0,18.242552380635637,18.242552380635637,18.242552380635637,18.242552380635637,18.242552380635637,4.844665475728493,58.598636701405496,inter-arrival CV 0.60 (bursty); coordinated with 551 other wallets; 24h-uniform timing (KS 0.96)
0xa2448cbadd6a7f683630fe9e3ab5918d36f90241,35.21979348116506,medium,100.0,18.242552380635637,18.242552380635637,18.242552380635637,18.242552380635637,18.242552380635637,4.844665475728493,58.598636701405496,inter-arrival CV 0.60 (bursty); coordinated with 551 other wallets; 24h-uniform timing (KS 0.96)
0xcf1a2aafc6062d1a78fe999c22584fef8831d277,34.997531537267236,medium,100.0,18.242552380635637,18.242552380635637,18.242552380635637,18.242552380635637,18.242552380635637,4.844665475728493,57.11689040875331,inter-arrival CV 1.09 (bursty); coordinated with 544 other wallets; 24h-uniform timing (KS 0.96)
0xb147136d2a87833941e85c6c85a0eb1d7cf2211a,34.67676279946712,medium,100.0,18.242552380635637,18.242552380635637,18.242552380635637,18.242552380635637,18.242552380635637,4.844665475728493,54.978432156752554,inter-arrival CV 0.82 (bursty); coordinated with 534 other wallets; 24h-uniform timing (KS 0.96)
0x71565c966001ccca0dea464e99b06a2c2c82e3bd,34.67676279946712,medium,100.0,18.242552380635637,18.242552380635637,18.242552380635637,18.242552380635637,18.242552380635637,4.844665475728493,54.978432156752554,inter-arrival CV 0.60 (bursty); coordinated with 534 other wallets; 24h-uniform timing (KS 0.96)
0x15eb4202553d4795d3a3f4e927c1dfd6e9721ba9,34.546103073509514,medium,100.0,18.242552380635637,18.242552380635637,18.242552380635637,18.242552380635637,18.242552380635637,15.554280718572286,46.967623821806,inter-arrival CV 1.71 (bursty); coordinated with 497 other wallets; 24h-uniform timing (KS 0.96)
0xc2451e80e61df414974fde0bfd17efd43bff5966,34.32074826816718,medium,100.0,18.242552380635637,18.242552380635637,18.242552380635637,18.242552380635637,18.242552380635637,4.844665475728493,52.6050019480863,inter-arrival CV 1.41 (bursty); coordinated with 523 other wallets; 24h-uniform timing (KS 0.96)
0x636678e4be5598f345e6c262f4798d7f1bd3f1e2,34.255780362670244,medium,100.0,18.242552380635637,18.242552380635637,18.242552380635637,18.242552380635637,18.242552380635637,4.844665475728493,52.17188257810672,inter-arrival CV 0.27 (bursty); coordinated with 521 other wallets; 24h-uniform timing (KS 0.96)
0x85be7d9e22639a7f7ed045534a1f78a22fda6dcd,33.72252473489067,medium,100.0,18.242552380635637,18.242552380635637,18.242552380635637,18.242552380635637,18.242552380635637,12.15834987868706,43.74105545760384,inter-arrival CV 0.91 (bursty); coordinated with 482 other wallets; 24h-uniform timing (KS 0.96)
0x8aff3977043e294c1615df7be6697f19a25e5289,33.5725290579733,medium,100.0,18.242552380635637,18.242552380635637,18.242552380635637,18.242552380635637,18.242552380635637,4.844665475728493,47.616873880127066,inter-arrival CV 0.02 (cron); coordinated with 500 other wallets; 24h-uniform timing (KS 0.96)
0xbb2f33f73ccc2c74e3fb9bb8eb75241ac15337e0,33.08745264525807,medium,100.0,18.242552380635637,18.242552380635637,18.242552380635637,18.242552380635637,18.242552380635637,4.844665475728493,44.383031128692224,inter-arrival CV 1.08 (bursty); coordinated with 485 other wallets; 24h-uniform timing (KS 0.96)
0x91d66b38ae24292e9e12dd962bbb3aecf4ab769a,32.874167129150415,medium,100.0,18.242552380635637,18.242552380635637,18.242552380635637,18.242552380635637,18.242552380635637,27.340664720355424,27.96379485822324,inter-arrival CV 1.84 (bursty); coordinated with 402 other wallets; 67% of late-window tx to new counterparties
0x742cf7e9c5a96867415dc2f58aa80d3313bb7b20,32.38981109778223,medium,100.0,18.242552380635637,18.242552380635637,18.242552380635637,18.242552380635637,18.242552380635637,4.844665475728493,39.732087478853266,inter-arrival CV 0.93 (bursty); coordinated with 463 other wallets; 24h-uniform timing (KS 0.96)
0xeca68289e925227116d6d04cbd546e970f44c450,32.296509713179546,medium,100.0,18.242552380635637,18.242552380635637,18.242552380635637,18.242552380635637,18.242552380635637,4.844665475728493,39.11007824816874,inter-arrival CV 0.34 (bursty); coordinated with 460 other wallets; 24h-uniform timing (KS 0.96)
0x8c826f795466e39acbff1bb4eeeb759609377ba1,32.184285027003554,medium,100.0,18.242552380635637,18.242552380635637,18.242552380635637,18.242552380635637,18.242552380635637,18.581089898624565,29.20429739173141,inter-arrival CV 0.96 (bursty); coordinated with 409 other wallets; 50% of late-window tx to new counterparties
0xf63fe798adb62031990d87873bb7ace724368b1f,32.13062744742043,medium,100.0,18.242552380635637,18.242552380635637,18.242552380635637,18.242552380635637,18.242552380635637,18.581089898624565,28.84658019451056,inter-arrival CV 0.37 (bursty); coordinated with 407 other wallets; 50% of late-window tx to new counterparties
0x0fece8adeae73e75aaf196c060e7ade8dbd78b9d,31.98714439914363,medium,100.0,18.242552380635637,18.242552380635637,18.242552380635637,18.242552380635637,18.242552380635637,22.043155260042298,25.581982965053445,inter-arrival CV 0.63 (bursty); coordinated with 388 other wallets; 57% of late-window tx to new counterparties
0x2d5be875653130c8f31948c35d90d45de58c9cfb,31.515133377805544,medium,100.0,18.242552380635637,18.242552380635637,18.242552380635637,18.242552380635637,18.242552380635637,12.15834987868706,29.025113077036345,inter-arrival CV 0.44 (bursty); coordinated with 408 other wallets; 24h-uniform timing (KS 0.96)
0x181bf186f87d8da4598b6610df7fdccf0cce5fd3,31.515133377805544,medium,100.0,18.242552380635637,18.242552380635637,18.242552380635637,18.242552380635637,18.242552380635637,12.15834987868706,29.025113077036345,inter-arrival CV 0.43 (bursty); coordinated with 408 other wallets; 24h-uniform timing (KS 0.96)
0xa802ec05f3c2cb8b554553e39206e9ea176d1850,31.512738321432604,medium,100.0,18.242552380635637,18.242552380635637,18.242552380635637,18.242552380635637,18.242552380635637,4.844665475728493,33.88493563652244,inter-arrival CV 0.10 (cron); coordinated with 434 other wallets; 24h-uniform timing (KS 0.96)
0xf3664e71698a5e8f6c7f1291aca41939d53d4d97,31.512738321432604,medium,100.0,18.242552380635637,18.242552380635637,18.242552380635637,18.242552380635637,18.242552380635637,4.844665475728493,33.88493563652244,inter-arrival CV 1.10 (bursty); coordinated with 434 other wallets; 24h-uniform timing (KS 0.96)
0x9cc358b7a6abf1728f815b142171ab25daa45c6b,31.433369773150588,medium,100.0,18.242552380635637,18.242552380635637,18.242552380635637,18.242552380635637,18.242552380635637,32.577025684901194,14.867571841860535,inter-arrival CV 1.03 (bursty); 75% of late-window tx to new counterparties; 24h-uniform timing (KS 0.96)
0xc157ce1b852819810add196befbddd8fb7dab274,31.159582392800885,medium,100.0,18.242552380635637,18.242552380635637,18.242552380635637,18.242552380635637,18.242552380635637,7.249284370152527,29.927483516028317,inter-arrival CV 2.19 (bursty); coordinated with 413 other wallets; 24h-uniform timing (KS 0.96)
0x2a77805aba92b1b850e33866ef315c25b0be8bbd,31.084681782043496,medium,100.0,18.242552380635637,18.242552380635637,18.242552380635637,18.242552380635637,18.242552380635637,4.844665475728493,31.03122537392841,inter-arrival CV 0.20 (bursty); coordinated with 419 other wallets; 24h-uniform timing (KS 0.96)
0x274178a9ec0a933396989fcbb9bcd99475f76b05,30.919120503358485,medium,100.0,18.242552380635637,18.242552380635637,18.242552380635637,18.242552380635637,18.242552380635637,4.844665475728493,29.927483516028317,inter-arrival CV 0.88 (bursty); coordinated with 413 other wallets; 24h-uniform timing (KS 0.96)
0x26a58cceca6e432666c3e94b468fb8b47b0f0201,30.864689081635113,medium,100.0,18.242552380635637,18.242552380635637,18.242552380635637,18.242552380635637,18.242552380635637,4.844665475728493,29.56460737120583,inter-arrival CV 0.33 (bursty); coordinated with 411 other wallets; 24h-uniform timing (KS 0.96)
0xd0d08887e8a5b16049534a7f3fc1de92848f5bea,30.810642584713946,medium,100.0,18.242552380635637,18.242552380635637,18.242552380635637,18.242552380635637,18.242552380635637,4.844665475728493,29.20429739173141,inter-arrival CV 1.32 (bursty); coordinated with 409 other wallets; 24h-uniform timing (KS 0.96)
0x26c8e06590f73c2571d68a41ebccec38e12ddd9f,30.73234943738012,medium,100.0,18.242552380635637,18.242552380635637,18.242552380635637,18.242552380635637,18.242552380635637,12.15834987868706,23.806553474200182,inter-arrival CV 2.00 (bursty); coordinated with 377 other wallets; 24h-uniform timing (KS 0.96)
0xcc4bc7882d5ec4a3716e589ab3d816b61ae47a1a,30.73234943738012,medium,100.0,18.242552380635637,18.242552380635637,18.242552380635637,18.242552380635637,18.242552380635637,12.15834987868706,23.806553474200182,inter-arrival CV 0.40 (bursty); coordinated with 377 other wallets; 24h-uniform timing (KS 0.96)
0x7e2a660f2ca0f53023b32dd5cf1735ccc3948e84,30.708780032279687,medium,100.0,18.242552380635637,18.242552380635637,18.242552380635637,18.242552380635637,18.242552380635637,12.15834987868706,23.649424106863968,inter-arrival CV 0.14 (cron); coordinated with 376 other wallets; 24h-uniform timing (KS 0.96)
0xc6ea08a824778f66d6b8ee783b2a65492a8157a3,30.62456720468772,medium,100.0,18.242552380635637,18.242552380635637,18.242552380635637,18.242552380635637,18.242552380635637,4.844665475728493,27.96379485822324,inter-arrival CV 0.57 (bursty); coordinated with 402 other wallets; 24h-uniform timing (KS 0.96)
0x79ae5b469e370a18743118b7414d7bd830205239,30.62456720468772,medium,100.0,18.242552380635637,18.242552380635637,18.242552380635637,18.242552380635637,18.242552380635637,4.844665475728493,27.96379485822324,inter-arrival CV 0.95 (bursty); coordinated with 402 other wallets; 24h-uniform timing (KS 0.96)
0x0d1b2bd8f976249f64b14aa0c20614ea919c5c83,30.54631764259068,medium,100.0,18.242552380635637,18.242552380635637,18.242552380635637,18.242552380635637,18.242552380635637,4.844665475728493,27.442131110909614,inter-arrival CV 0.11 (cron); coordinated with 399 other wallets; 24h-uniform timing (KS 0.96)
0xa3189b10560372ab6eea3b595e1fe4a5711ae9c9,30.34812585891968,medium,100.0,18.242552380635637,18.242552380635637,18.242552380635637,18.242552380635637,18.242552380635637,21.724586542592114,14.867571841860535,inter-arrival CV 2.03 (bursty); 57% of late-window tx to new counterparties; 24h-uniform timing (KS 0.96)
0x0678d6ed1ee222fa9aa6cf4830de9171eade9cd9,30.26729542071225,medium,100.0,18.242552380635637,18.242552380635637,18.242552380635637,18.242552380635637,18.242552380635637,4.844665475728493,25.581982965053445,inter-arrival CV 0.66 (bursty); coordinated with 388 other wallets; 24h-uniform timing (KS 0.96)
0x489bf7d4b9544fe79efc2e4640a8d3f6512ab038,30.07233322973122,medium,100.0,18.242552380635637,18.242552380635637,18.242552380635637,18.242552380635637,18.242552380635637,4.844665475728493,24.2822350251799,inter-arrival CV 0.10 (cron); coordinated with 380 other wallets; 24h-uniform timing (KS 0.96)
0x50626469298df7e91d77d52b7deb4b15eefd4c55,29.636845678028802,medium,100.0,18.242552380635637,18.242552380635637,18.242552380635637,18.242552380635637,18.242552380635637,4.844665475728493,21.378984680497094,inter-arrival CV 0.57 (bursty); coordinated with 361 other wallets; 24h-uniform timing (KS 0.96)
0x0f398909f5da9f28bfd16ef46594a9a8697519c7,29.636845678028802,medium,100.0,18.242552380635637,18.242552380635637,18.242552380635637,18.242552380635637,18.242552380635637,4.844665475728493,21.378984680497094,inter-arrival CV 0.64 (bursty); coordinated with 361 other wallets; 24h-uniform timing (KS 0.96)
0xc965fedb73cafce7f05543ad1f28aa202b9761a7,29.636845678028802,medium,100.0,18.242552380635637,18.242552380635637,18.242552380635637,18.242552380635637,18.242552380635637,4.844665475728493,21.378984680497094,inter-arrival CV 0.58 (bursty); coordinated with 361 other wallets; 24h-uniform timing (KS 0.96)
0x9054ff027869798943ab09e157295dc1e46e2ded,29.636845678028802,medium,100.0,18.242552380635637,18.242552380635637,18.242552380635637,18.242552380635637,18.242552380635637,4.844665475728493,21.378984680497094,inter-arrival CV 0.59 (bursty); coordinated with 361 other wallets; 24h-uniform timing (KS 0.96)
0xf8ef294a8bbae395c8032ff216f26458015849ec,29.636845678028802,medium,100.0,18.242552380635637,18.242552380635637,18.242552380635637,18.242552380635637,18.242552380635637,4.844665475728493,21.378984680497094,inter-arrival CV 0.64 (bursty); coordinated with 361 other wallets; 24h-uniform timing (KS 0.96)
0x478408b6700d0c8ca188e66281841536068d3ff5,29.636845678028802,medium,100.0,18.242552380635637,18.242552380635637,18.242552380635637,18.242552380635637,18.242552380635637,4.844665475728493,21.378984680497094,inter-arrival CV 0.63 (bursty); coordinated with 361 other wallets; 24h-uniform timing (KS 0.96)
0x2c8ab196fd2f96d3f8ea144783118098adacae45,29.636845678028802,medium,100.0,18.242552380635637,18.242552380635637,18.242552380635637,18.242552380635637,18.242552380635637,4.844665475728493,21.378984680497094,inter-arrival CV 0.61 (bursty); coordinated with 361 other wallets; 24h-uniform timing (KS 0.96)
0xe1519e675cf3a78a0fc663ba9c1f012859aaae0f,29.507462874091946,medium,100.0,18.242552380635637,18.242552380635637,18.242552380635637,18.242552380635637,18.242552380635637,4.844665475728493,20.51643265425139,inter-arrival CV 0.63 (bursty); coordinated with 355 other wallets; 24h-uniform timing (KS 0.96)
0x23d907bfc2632dbeae77f4c2e76188d5ef7a6f50,29.507462874091946,medium,100.0,18.242552380635637,18.242552380635637,18.242552380635637,18.242552380635637,18.242552380635637,4.844665475728493,20.51643265425139,inter-arrival CV 0.58 (bursty); coordinated with 355 other wallets; 24h-uniform timing (KS 0.96)
0x624934dbb53302acb1468fbf2479113e5645c853,29.468892277612476,medium,100.0,18.242552380635637,18.242552380635637,18.242552380635637,18.242552380635637,18.242552380635637,8.489957379341893,17.82910074197933,inter-arrival CV 1.23 (bursty); 24h-uniform timing (KS 0.96); gas-to-basefee std 0.243 (top-1% tightness)
0xd7ea56d37f7b3bf9bab38954b1fed0332f4c670d,29.402633675721287,medium,100.0,18.242552380635637,18.242552380635637,18.242552380635637,18.242552380635637,18.242552380635637,4.844665475728493,19.81757133178034,inter-arrival CV 1.62 (bursty); coordinated with 350 other wallets; 24h-uniform timing (KS 0.96)
0x23b6bb4b6a3e546a44d5493b72ab37ba90d1bdc7,29.278810069782814,medium,100.0,18.242552380635637,18.242552380635637,18.242552380635637,18.242552380635637,18.242552380635637,25.572154676019483,5.173754491996535,inter-arrival CV 1.68 (bursty); 64% of late-window tx to new counterparties; 24h-uniform timing (KS 0.96)
0x39591e7c099a379fd7b349ebfecaeef439c40454,29.23641674019014,medium,100.0,18.242552380635637,18.242552380635637,18.242552380635637,18.242552380635637,18.242552380635637,27.340664720355424,3.7121255984880834,inter-arrival CV 0.93 (bursty); 67% of late-window tx to new counterparties; 24h-uniform timing (KS 0.96)
0x7f2404a631860402f98d677e20549852f12e35ea,29.20109729556234,medium,100.0,18.242552380635637,18.242552380635637,18.242552380635637,18.242552380635637,18.242552380635637,4.844665475728493,18.47399546405403,inter-arrival CV 0.58 (bursty); coordinated with 340 other wallets; 24h-uniform timing (KS 0.96)
0xf7007bab92c002e7f1c3b5308831903b684c37df,29.20109729556234,medium,100.0,18.242552380635637,18.242552380635637,18.242552380635637,18.242552380635637,18.242552380635637,4.844665475728493,18.47399546405403,inter-arrival CV 0.55 (bursty); coordinated with 340 other wallets; 24h-uniform timing (KS 0.96)
0xc77d734687f9848594530566970e3e599345153d,29.20109729556234,medium,100.0,18.242552380635637,18.242552380635637,18.242552380635637,18.242552380635637,18.242552380635637,4.844665475728493,18.47399546405403,inter-arrival CV 0.59 (bursty); coordinated with 340 other wallets; 24h-uniform timing (KS 0.96)
0xfa6ef2d0ae77d250a6f3859b6c5888ee15ce7556,29.20109729556234,medium,100.0,18.242552380635637,18.242552380635637,18.242552380635637,18.242552380635637,18.242552380635637,4.844665475728493,18.47399546405403,inter-arrival CV 0.56 (bursty); coordinated with 340 other wallets; 24h-uniform timing (KS 0.96)
0x5af9c187b9beac9a447973c8c49638f92f8fdd19,29.085336664747924,medium,100.0,18.242552380635637,18.242552380635637,18.242552380635637,18.242552380635637,18.242552380635637,4.844665475728493,17.702257925291253,inter-arrival CV 0.49 (bursty); 24h-uniform timing (KS 0.96); gas-to-basefee std 0.000 (top-1% tightness)
0xbadc46dc348607d1da26be8b4bd594f969b197b2,28.955120463571923,medium,100.0,18.242552380635637,18.242552380635637,18.242552380635637,18.242552380635637,18.242552380635637,4.844665475728493,16.83414991745125,inter-arrival CV 0.59 (bursty); 24h-uniform timing (KS 0.96); gas-to-basefee std 0.001 (top-1% tightness)
0xe8b1a03c47258501c94c6afbe662aabb45fb9364,28.955120463571923,medium,100.0,18.242552380635637,18.242552380635637,18.242552380635637,18.242552380635637,18.242552380635637,4.844665475728493,16.83414991745125,inter-arrival CV 0.53 (bursty); 24h-uniform timing (KS 0.96); gas-to-basefee std 0.000 (top-1% tightness)
0xa6ebed640699633f2760464084049ad168ca4366,28.755889233655708,medium,100.0,18.242552380635637,18.242552380635637,18.242552380635637,18.242552380635637,18.242552380635637,18.581089898624565,6.348325436079085,inter-arrival CV 0.88 (bursty); 50% of late-window tx to new counterparties; 24h-uniform timing (KS 0.96)
0x1790055246caaf3e89683b74366b9deee47ac933,28.660133752233317,medium,100.0,18.242552380635637,18.242552380635637,18.242552380635637,18.242552380635637,18.242552380635637,4.844665475728493,14.867571841860535,inter-arrival CV 0.93 (bursty); 24h-uniform timing (KS 0.96); gas-to-basefee std 0.000 (top-1% tightness)
0x4eb41528313fe927637740c9a944659dff4b184f,28.660133752233317,medium,100.0,18.242552380635637,18.242552380635637,18.242552380635637,18.242552380635637,18.242552380635637,4.844665475728493,14.867571841860535,inter-arrival CV 0.52 (bursty); 24h-uniform timing (KS 0.96); gas-to-basefee std 0.000 (top-1% tightness)
0xac4dffd6393e19c535024dbc27d76f6d6272d3ac,28.660133752233317,medium,100.0,18.242552380635637,18.242552380635637,18.242552380635637,18.242552380635637,18.242552380635637,4.844665475728493,14.867571841860535,inter-arrival CV 0.56 (bursty); 24h-uniform timing (KS 0.96); gas-to-basefee std 0.000 (top-1% tightness)
0x8fb477a7dd33d13d49962dec7ed6f2707d9b6f7e,28.660133752233317,medium,100.0,18.242552380635637,18.242552380635637,18.242552380635637,18.242552380635637,18.242552380635637,4.844665475728493,14.867571841860535,inter-arrival CV 0.64 (bursty); 24h-uniform timing (KS 0.96); gas-to-basefee std 0.001 (top-1% tightness)
0x99933c242eaee4315a82b879a8bf0bf0dbab55a5,28.660133752233317,medium,100.0,18.242552380635637,18.242552380635637,18.242552380635637,18.242552380635637,18.242552380635637,4.844665475728493,14.867571841860535,inter-arrival CV 0.57 (bursty); 24h-uniform timing (KS 0.96); gas-to-basefee std 0.000 (top-1% tightness)
0xbeadec1dca119949a626ced05746ff42ef30e66c,28.37940872717824,medium,100.0,18.242552380635637,18.242552380635637,18.242552380635637,18.242552380635637,18.242552380635637,4.844665475728493,12.996071674826693,inter-arrival CV 3.11 (bursty); 24h-uniform timing (KS 0.96); gas-to-basefee std 0.002 (top-1% tightness)
0x3f9478e5e431444e8169b241b20d212c08d00aa5,28.364730320113438,medium,100.0,18.242552380635637,18.242552380635637,18.242552380635637,18.242552380635637,18.242552380635637,4.844665475728493,12.898215627728007,inter-arrival CV 0.12 (cron); 24h-uniform timing (KS 0.96); gas-to-basefee std 0.007 (top-1% tightness)
0x3914af30a8624c69bbe3a04e53d6c387aa58ed58,28.361860208542577,medium,100.0,18.242552380635637,18.242552380635637,18.242552380635637,18.242552380635637,18.242552380635637,16.898178255227535,4.843406364256251,inter-arrival CV 2.10 (bursty); 24h-uniform timing (KS 0.96); gas-to-basefee std 0.001 (top-1% tightness)
0x87d3c2233c83bb0eb56ad1dd23a1ac195bcc35bd,28.1774680142793,medium,100.0,18.242552380635637,18.242552380635637,18.242552380635637,18.242552380635637,18.242552380635637,12.15834987868706,6.774010653528048,inter-arrival CV 1.28 (bursty); 24h-uniform timing (KS 0.96); gas-to-basefee std 0.069 (top-1% tightness)
0x7b5b72f444d860fa8f9442ca5a1b26eacae697ed,27.96595277357305,medium,100.0,18.242552380635637,18.242552380635637,18.242552380635637,18.242552380635637,18.242552380635637,15.651595037292761,3.0350789430825773,inter-arrival CV 4.38 (bursty); 24h-uniform timing (KS 0.96); gas-to-basefee std 0.001 (top-1% tightness)
0x05039152f5f978b1004451146ef8bd28225f379d,27.54038936932172,medium,100.0,18.242552380635637,18.242552380635637,18.242552380635637,18.242552380635637,18.242552380635637,4.844665475728493,7.402609289116559,inter-arrival CV 0.12 (cron); 24h-uniform timing (KS 0.96); gas-to-basefee std 0.002 (top-1% tightness)
0xab1598a0e5548b5851ca044a57f423afdd656fdb,27.45435494978243,medium,100.0,18.242552380635637,18.242552380635637,18.242552380635637,18.242552380635637,18.242552380635637,4.844665475728493,6.829046492187958,inter-arrival CV 1.34 (bursty); 24h-uniform timing (KS 0.96); gas-to-basefee std 0.002 (top-1% tightness)
0xcfed0969a7d638cbe23ff01c2c795d2d39c60887,27.3822467913661,medium,100.0,18.242552380635637,18.242552380635637,18.242552380635637,18.242552380635637,18.242552380635637,4.844665475728493,6.348325436079085,inter-arrival CV 1.27 (bursty); 24h-uniform timing (KS 0.96); gas-to-basefee std 0.001 (top-1% tightness)
0xe07664255dcb2e4bd8d5a7e7cbec5b71a26ee2f4,27.3822467913661,medium,100.0,18.242552380635637,18.242552380635637,18.242552380635637,18.242552380635637,18.242552380635637,4.844665475728493,6.348325436079085,inter-arrival CV 0.84 (bursty); 24h-uniform timing (KS 0.96); gas-to-basefee std 0.004 (top-1% tightness)
0xcbc2c39581d123613f11f86bc8838e4e94de8d0f,27.3822467913661,medium,100.0,18.242552380635637,18.242552380635637,18.242552380635637,18.242552380635637,18.242552380635637,4.844665475728493,6.348325436079085,inter-arrival CV 0.09 (cron); 24h-uniform timing (KS 0.96); gas-to-basefee std 0.002 (top-1% tightness)
0x669476d352d74954363424508dae4fb9ea02a8a0,27.374533266043905,medium,100.0,18.242552380635637,18.242552380635637,18.242552380635637,18.242552380635637,18.242552380635637,4.844665475728493,6.296901933931114,inter-arrival CV 2.19 (bursty); 24h-uniform timing (KS 0.96); gas-to-basefee std 0.001 (top-1% tightness)
0xf50c2763d909416a72545d392b993786d229b034,27.344258585652693,medium,100.0,18.242552380635637,18.242552380635637,18.242552380635637,18.242552380635637,18.242552380635637,4.844665475728493,6.095070731323044,inter-arrival CV 2.09 (bursty); 24h-uniform timing (KS 0.96); gas-to-basefee std 0.002 (top-1% tightness)
0x323d394c9ec19854d165d7759e4c2b9e460fcd75,27.27942945963741,medium,100.0,18.242552380635637,18.242552380635637,18.242552380635637,18.242552380635637,18.242552380635637,4.844665475728493,5.662876557887821,inter-arrival CV 0.11 (cron); 24h-uniform timing (KS 0.96); gas-to-basefee std 0.001 (top-1% tightness)
0x5dc0da59f624107db9abcb1f5ce2cbf1806c8bf7,27.27942945963741,medium,100.0,18.242552380635637,18.242552380635637,18.242552380635637,18.242552380635637,18.242552380635637,4.844665475728493,5.662876557887821,inter-arrival CV 1.14 (bursty); 24h-uniform timing (KS 0.96); gas-to-basefee std 0.001 (top-1% tightness)
0xeeb6ac4fa9273808998979db12d4b9114d1742a1,27.27942945963741,medium,100.0,18.242552380635637,18.242552380635637,18.242552380635637,18.242552380635637,18.242552380635637,4.844665475728493,5.662876557887821,inter-arrival CV 1.18 (bursty); 24h-uniform timing (KS 0.96); gas-to-basefee std 0.001 (top-1% tightness)
0x3b9dab0678c377f280d58e002f876210f1a79e35,27.27942945963741,medium,100.0,18.242552380635637,18.242552380635637,18.242552380635637,18.242552380635637,18.242552380635637,4.844665475728493,5.662876557887821,inter-arrival CV 1.05 (bursty); 24h-uniform timing (KS 0.96); gas-to-basefee std 0.001 (top-1% tightness)
0xd3029133c870a624262e7b256a496486339c2308,27.27942945963741,medium,100.0,18.242552380635637,18.242552380635637,18.242552380635637,18.242552380635637,18.242552380635637,4.844665475728493,5.662876557887821,inter-arrival CV 1.03 (bursty); 24h-uniform timing (KS 0.96); gas-to-basefee std 0.001 (top-1% tightness)
0x0942ca171835ec0899cb9ac8e8e608cecfa5b553,27.27942945963741,medium,100.0,18.242552380635637,18.242552380635637,18.242552380635637,18.242552380635637,18.242552380635637,4.844665475728493,5.662876557887821,inter-arrival CV 1.04 (bursty); 24h-uniform timing (KS 0.96); gas-to-basefee std 0.001 (top-1% tightness)
0x9c150a7835cc3dbf075df7dc3dac89147462343f,27.27942945963741,medium,100.0,18.242552380635637,18.242552380635637,18.242552380635637,18.242552380635637,18.242552380635637,4.844665475728493,5.662876557887821,inter-arrival CV 1.15 (bursty); 24h-uniform timing (KS 0.96); gas-to-basefee std 0.001 (top-1% tightness)
0x421a2171f554176efe3e7242b0aa2c99cd7bf83c,27.27942945963741,medium,100.0,18.242552380635637,18.242552380635637,18.242552380635637,18.242552380635637,18.242552380635637,4.844665475728493,5.662876557887821,inter-arrival CV 1.17 (bursty); 24h-uniform timing (KS 0.96); gas-to-basefee std 0.001 (top-1% tightness)
0x5d4f08d5c2bb60703284bc06671eb680fa41b105,27.258796867801696,medium,100.0,18.242552380635637,18.242552380635637,18.242552380635637,18.242552380635637,18.242552380635637,4.844665475728493,5.5253259456497315,inter-arrival CV 0.26 (bursty); 24h-uniform timing (KS 0.96); gas-to-basefee std 0.001 (top-1% tightness)
0x756f007057b5caa67ffd37643d159d746fa00fbd,27.1686079828691,medium,100.0,18.242552380635637,18.242552380635637,18.242552380635637,18.242552380635637,18.242552380635637,4.844665475728493,4.92406671276577,inter-arrival CV 1.51 (bursty); 24h-uniform timing (KS 0.96); gas-to-basefee std 0.001 (top-1% tightness)
0x8402e2f9aa2c46601a1ad62e84229ec8c4431404,27.162534760146254,medium,100.0,18.242552380635637,18.242552380635637,18.242552380635637,18.242552380635637,18.242552380635637,4.844665475728493,4.883578561280111,inter-arrival CV 0.97 (bursty); 24h-uniform timing (KS 0.96); gas-to-basefee std 0.001 (top-1% tightness)
0xea90b0a86aefc2a700709ee714b7c748115efd5d,27.162534760146254,medium,100.0,18.242552380635637,18.242552380635637,18.242552380635637,18.242552380635637,18.242552380635637,4.844665475728493,4.883578561280111,inter-arrival CV 0.56 (bursty); 24h-uniform timing (KS 0.96); gas-to-basefee std 0.002 (top-1% tightness)
0x3b514bcdd2e96af48374c3d2ca42736a2393212f,27.156508930592675,medium,100.0,18.242552380635637,18.242552380635637,18.242552380635637,18.242552380635637,18.242552380635637,4.844665475728493,4.843406364256251,inter-arrival CV 0.09 (cron); 24h-uniform timing (KS 0.96); gas-to-basefee std 0.000 (top-1% tightness)
0x5efb64f6a596ad8d7e0f72b4711dc36521ca1a99,27.156508930592675,medium,100.0,18.242552380635637,18.242552380635637,18.242552380635637,18.242552380635637,18.242552380635637,4.844665475728493,4.843406364256251,inter-arrival CV 0.68 (bursty); 24h-uniform timing (KS 0.96); gas-to-basefee std 0.002 (top-1% tightness)
0xadd4d5ba29334e472ad78d4584551864fab92567,27.043242743763248,medium,100.0,18.242552380635637,18.242552380635637,18.242552380635637,18.242552380635637,18.242552380635637,6.897190954674329,2.7199481327628705,inter-arrival CV 0.31 (bursty); 24h-uniform timing (KS 0.96); gas-to-basefee std 0.000 (top-1% tightness)
0xd1ca4ca0aeb3983770ce7e249e6abc8bddaf5c58,27.02033428028811,medium,100.0,18.242552380635637,18.242552380635637,18.242552380635637,18.242552380635637,18.242552380635637,4.844665475728493,3.9355753622258196,inter-arrival CV 1.39 (bursty); 24h-uniform timing (KS 0.96); gas-to-basefee std 0.002 (top-1% tightness)
0xb0e5bc73f0694d01af5ae3844cda60400d1d4600,27.02033428028811,medium,100.0,18.242552380635637,18.242552380635637,18.242552380635637,18.242552380635637,18.242552380635637,4.844665475728493,3.9355753622258196,inter-arrival CV 2.00 (bursty); 24h-uniform timing (KS 0.96); gas-to-basefee std 0.000 (top-1% tightness)
0xa35c47f491bee42777d77c3e47246c9b9af12981,26.986816815727448,medium,100.0,18.242552380635637,18.242552380635637,18.242552380635637,18.242552380635637,18.242552380635637,4.844665475728493,3.7121255984880834,inter-arrival CV 1.07 (bursty); 24h-uniform timing (KS 0.96); gas-to-basefee std 0.001 (top-1% tightness)
0x047847bc455459f500db0ce185901aee1804f8fe,26.977581315686482,medium,100.0,18.242552380635637,18.242552380635637,18.242552380635637,18.242552380635637,18.242552380635637,4.844665475728493,3.6505555982149787,inter-arrival CV 0.92 (bursty); 24h-uniform timing (KS 0.96); gas-to-basefee std 0.001 (top-1% tightness)
0x24dd3a9bf41b2dbfc17d7804251813ff6ebfeccb,26.968493286172002,medium,100.0,18.242552380635637,18.242552380635637,18.242552380635637,18.242552380635637,18.242552380635637,4.844665475728493,3.5899687347850984,inter-arrival CV 0.82 (bursty); 24h-uniform timing (KS 0.96); gas-to-basefee std 0.003 (top-1% tightness)
0x1c679fcf603ab6ccdea929de1dd0fd3573d2a09c,26.930153550467978,medium,100.0,18.242552380635637,18.242552380635637,18.242552380635637,18.242552380635637,18.242552380635637,6.430822396510563,2.2769325495702146,inter-arrival CV 0.23 (bursty); 24h-uniform timing (KS 0.96); gas-to-basefee std 0.000 (top-1% tightness)
0xed8f2fe03621869c1d0669d0bd59f0319ab9c3f7,26.908827474970924,medium,100.0,18.242552380635637,18.242552380635637,18.242552380635637,18.242552380635637,18.242552380635637,4.844665475728493,3.192196660111245,inter-arrival CV 1.15 (bursty); 24h-uniform timing (KS 0.96); gas-to-basefee std 0.002 (top-1% tightness)
0xadcae230158a8f0128801b1ee77e0e473691000b,26.908827474970924,medium,100.0,18.242552380635637,18.242552380635637,18.242552380635637,18.242552380635637,18.242552380635637,4.844665475728493,3.192196660111245,inter-arrival CV 1.09 (bursty); 24h-uniform timing (KS 0.96); gas-to-basefee std 0.001 (top-1% tightness)
0x7a4d403e442abf0e97939160d1cec497fb992463,26.908827474970924,medium,100.0,18.242552380635637,18.242552380635637,18.242552380635637,18.242552380635637,18.242552380635637,4.844665475728493,3.192196660111245,inter-arrival CV 2.16 (bursty); 24h-uniform timing (KS 0.96); gas-to-basefee std 0.001 (top-1% tightness)
0x608d6f838086737d0579cd6f103a03b715070763,26.908827474970924,medium,100.0,18.242552380635637,18.242552380635637,18.242552380635637,18.242552380635637,18.242552380635637,4.844665475728493,3.192196660111245,inter-arrival CV 1.08 (bursty); 24h-uniform timing (KS 0.96); gas-to-basefee std 0.002 (top-1% tightness)
0xac49453ab0cf65c337e6df5cc89a589e91c4e471,26.908827474970924,medium,100.0,18.242552380635637,18.242552380635637,18.242552380635637,18.242552380635637,18.242552380635637,4.844665475728493,3.192196660111245,inter-arrival CV 1.17 (bursty); 24h-uniform timing (KS 0.96); gas-to-basefee std 0.002 (top-1% tightness)
0x9ec073415ff09189fb635931f5f0ba6427026ff1,26.908827474970924,medium,100.0,18.242552380635637,18.242552380635637,18.242552380635637,18.242552380635637,18.242552380635637,4.844665475728493,3.192196660111245,inter-arrival CV 1.21 (bursty); 24h-uniform timing (KS 0.96); gas-to-basefee std 0.001 (top-1% tightness)
0x9d941731c68d1c7e6a98f5f31fd45695d2c9a436,26.908827474970924,medium,100.0,18.242552380635637,18.242552380635637,18.242552380635637,18.242552380635637,18.242552380635637,4.844665475728493,3.192196660111245,inter-arrival CV 1.07 (bursty); 24h-uniform timing (KS 0.96); gas-to-basefee std 0.001 (top-1% tightness)
0x86ee395aa7cb07e6b033ed17f502d6672acaa73d,26.908827474970924,medium,100.0,18.242552380635637,18.242552380635637,18.242552380635637,18.242552380635637,18.242552380635637,4.844665475728493,3.192196660111245,inter-arrival CV 1.10 (bursty); 24h-uniform timing (KS 0.96); gas-to-basefee std 0.001 (top-1% tightness)
0x1bd34218fefbaa01b98100edd2b3d813199a1ac5,26.908827474970924,medium,100.0,18.242552380635637,18.242552380635637,18.242552380635637,18.242552380635637,18.242552380635637,4.844665475728493,3.192196660111245,inter-arrival CV 1.07 (bursty); 24h-uniform timing (KS 0.96); gas-to-basefee std 0.001 (top-1% tightness)
0xcbec1bbc0dd8e97d6b2e56f1805a1571dddcc031,26.908827474970924,medium,100.0,18.242552380635637,18.242552380635637,18.242552380635637,18.242552380635637,18.242552380635637,4.844665475728493,3.192196660111245,inter-arrival CV 0.28 (bursty); 24h-uniform timing (KS 0.96); gas-to-basefee std 0.000 (top-1% tightness)
0xf95a18e24247377ed48082e201d38fbe893a3fef,26.908827474970924,medium,100.0,18.242552380635637,18.242552380635637,18.242552380635637,18.242552380635637,18.242552380635637,4.844665475728493,3.192196660111245,inter-arrival CV 1.07 (bursty); 24h-uniform timing (KS 0.96); gas-to-basefee std 0.001 (top-1% tightness)
0x6ab22e12c56bc1d4d45daa50f5d67e3925f52661,26.908827474970924,medium,100.0,18.242552380635637,18.242552380635637,18.242552380635637,18.242552380635637,18.242552380635637,4.844665475728493,3.192196660111245,inter-arrival CV 1.19 (bursty); 24h-uniform timing (KS 0.96); gas-to-basefee std 0.001 (top-1% tightness)
0x66c40946b0dffd04be467e18309857307ecd37cb,26.885259817416625,medium,100.0,18.242552380635637,18.242552380635637,18.242552380635637,18.242552380635637,18.242552380635637,4.844665475728493,3.0350789430825773,inter-arrival CV 0.36 (bursty); 24h-uniform timing (KS 0.96); gas-to-basefee std 0.002 (top-1% tightness)
0x986667413af73b4a78478dcf72062c2ab3a19e08,26.885259817416625,medium,100.0,18.242552380635637,18.242552380635637,18.242552380635637,18.242552380635637,18.242552380635637,4.844665475728493,3.0350789430825773,inter-arrival CV 1.71 (bursty); 24h-uniform timing (KS 0.96); gas-to-basefee std 0.000 (top-1% tightness)
0xb6a8330cb951963efd19b40146489c7ae91c5475,26.85918304114137,medium,100.0,18.242552380635637,18.242552380635637,18.242552380635637,18.242552380635637,18.242552380635637,4.844665475728493,2.861233767914221,inter-arrival CV 0.24 (bursty); 24h-uniform timing (KS 0.96); gas-to-basefee std 0.001 (top-1% tightness)
0xeb7ee9991ce17c2e98788c89f30472ea0ddfc604,26.789363897476303,medium,100.0,18.242552380635637,18.242552380635637,18.242552380635637,18.242552380635637,18.242552380635637,4.844665475728493,2.3957728101471125,inter-arrival CV 0.09 (cron); 24h-uniform timing (KS 0.96); gas-to-basefee std 0.000 (top-1% tightness)
0xbb08af535b962497cab65a942f11a2d1518335b6,26.789363897476303,medium,100.0,18.242552380635637,18.242552380635637,18.242552380635637,18.242552380635637,18.242552380635637,4.844665475728493,2.3957728101471125,inter-arrival CV 0.13 (cron); 24h-uniform timing (KS 0.96); gas-to-basefee std 0.001 (top-1% tightness)
0x6479d75cef44a2b76eb17c2ab66fe22946abd642,26.762951621607016,medium,100.0,18.242552380635637,18.242552380635637,18.242552380635637,18.242552380635637,18.242552380635637,4.844665475728493,2.2196909710185295,inter-arrival CV 0.16 (cron); 24h-uniform timing (KS 0.96); gas-to-basefee std 0.001 (top-1% tightness)
0xee66ce551772d0c6ad720b7d681c7786f66f2f77,26.76013669522665,medium,100.0,18.242552380635637,18.242552380635637,18.242552380635637,18.242552380635637,18.242552380635637,4.844665475728493,2.2009247951494255,inter-arrival CV 0.20 (bursty); 24h-uniform timing (KS 0.96); gas-to-basefee std 0.000 (top-1% tightness)
0xc9f89f04119d3a82c633f1965b59e6632ef930e8,26.76013669522665,medium,100.0,18.242552380635637,18.242552380635637,18.242552380635637,18.242552380635637,18.242552380635637,4.844665475728493,2.2009247951494255,inter-arrival CV 0.66 (bursty); 24h-uniform timing (KS 0.96); gas-to-basefee std 0.000 (top-1% tightness)
0x0ec536c77414bb93fe79703ab676b5adad272c1b,26.76013669522665,medium,100.0,18.242552380635637,18.242552380635637,18.242552380635637,18.242552380635637,18.242552380635637,4.844665475728493,2.2009247951494255,inter-arrival CV 2.78 (bursty); 24h-uniform timing (KS 0.96); gas-to-basefee std 0.003 (top-1% tightness)
0xddb0af56c7ec247073994ac5a01d6d92dee077d2,26.757345036237243,medium,100.0,18.242552380635637,18.242552380635637,18.242552380635637,18.242552380635637,18.242552380635637,4.844665475728493,2.1823137352200535,inter-arrival CV 1.21 (bursty); 24h-uniform timing (KS 0.96); gas-to-basefee std 0.004 (top-1% tightness)
0xa9c424d119323495c3260ef16c7813a1133cd84e,26.757345036237243,medium,100.0,18.242552380635637,18.242552380635637,18.242552380635637,18.242552380635637,18.242552380635637,4.844665475728493,2.1823137352200535,inter-arrival CV 1.22 (bursty); 24h-uniform timing (KS 0.96); gas-to-basefee std 0.004 (top-1% tightness)
0xf5c8260646d488103e1a903f472451e059b35aec,26.743729379216862,medium,100.0,18.242552380635637,18.242552380635637,18.242552380635637,18.242552380635637,18.242552380635637,4.844665475728493,2.091542688417508,inter-arrival CV 3.67 (bursty); 24h-uniform timing (KS 0.96); gas-to-basefee std 0.005 (top-1% tightness)
0x3cdf24b99e2963476301911d832a582087ee41f9,26.743729379216862,medium,100.0,18.242552380635637,18.242552380635637,18.242552380635637,18.242552380635637,18.242552380635637,4.844665475728493,2.091542688417508,inter-arrival CV 0.00 (cron); 24h-uniform timing (KS 0.96); gas-to-basefee std 0.003 (top-1% tightness)
0x6ccd601b275f5e3ea6692b9e8f786f3c6d1fb1a5,26.74107351878446,medium,100.0,18.242552380635637,18.242552380635637,18.242552380635637,18.242552380635637,18.242552380635637,4.844665475728493,2.073836952201502,inter-arrival CV 0.00 (cron); 24h-uniform timing (KS 0.96); gas-to-basefee std 0.003 (top-1% tightness)
0xbe75d8f2b78faaca8cbd6c50f23ffd9061c5e007,26.74107351878446,medium,100.0,18.242552380635637,18.242552380635637,18.242552380635637,18.242552380635637,18.242552380635637,4.844665475728493,2.073836952201502,inter-arrival CV 2.81 (bursty); 24h-uniform timing (KS 0.96); gas-to-basefee std 0.003 (top-1% tightness)
0xf63e58d9cc85ac6316ac19868273e0573584b61a,26.735827655633855,medium,100.0,18.242552380635637,18.242552380635637,18.242552380635637,18.242552380635637,18.242552380635637,4.844665475728493,2.0388645311974547,inter-arrival CV 0.59 (bursty); 24h-uniform timing (KS 0.96); gas-to-basefee std 0.001 (top-1% tightness)
0xb425d4f842caa32f04d4457f367a889f203a02a6,26.733237305259973,medium,100.0,18.242552380635637,18.242552380635637,18.242552380635637,18.242552380635637,18.242552380635637,4.844665475728493,2.0215955287049017,inter-arrival CV 0.26 (bursty); 24h-uniform timing (KS 0.96); gas-to-basefee std 0.003 (top-1% tightness)
0x038456ecbc5e48e5b932d753920b7deedee5f52f,26.725594519083486,medium,100.0,18.242552380635637,18.242552380635637,18.242552380635637,18.242552380635637,18.242552380635637,4.844665475728493,1.9706436208616598,inter-arrival CV 0.50 (bursty); 24h-uniform timing (KS 0.96); gas-to-basefee std 0.001 (top-1% tightness)
0x986ce91bf1635c45e28e803db4e800c2418950ab,26.720604523796027,medium,100.0,18.242552380635637,18.242552380635637,18.242552380635637,18.242552380635637,18.242552380635637,4.844665475728493,1.9373769856119352,inter-arrival CV 0.32 (bursty); 24h-uniform timing (KS 0.96); gas-to-basefee std 0.001 (top-1% tightness)
0x6bd09cf1482609986cc1233e71f47c8e07326090,26.715697128451122,medium,100.0,18.242552380635637,18.242552380635637,18.242552380635637,18.242552380635637,18.242552380635637,4.844665475728493,1.9046610166459106,inter-arrival CV 2.63 (bursty); 24h-uniform timing (KS 0.96); gas-to-basefee std 0.003 (top-1% tightness)
0x9d051fe5c1e49f4ad2843f80e9026ddf015ac6e3,26.710871020599487,medium,100.0,18.242552380635637,18.242552380635637,18.242552380635637,18.242552380635637,18.242552380635637,4.844665475728493,1.8724869643016646,inter-arrival CV 2.01 (bursty); 24h-uniform timing (KS 0.96); gas-to-basefee std 0.001 (top-1% tightness)
0x145ce95d457e75696abef8fb51e7335ad27842e8,26.710871020599487,medium,100.0,18.242552380635637,18.242552380635637,18.242552380635637,18.242552380635637,18.242552380635637,4.844665475728493,1.8724869643016646,inter-arrival CV 0.96 (bursty); 24h-uniform timing (KS 0.96); gas-to-basefee std 0.001 (top-1% tightness)
0x5b78b550ee58c3a3c807ab0027e3ba4f66120a01,26.710871020599487,medium,100.0,18.242552380635637,18.242552380635637,18.242552380635637,18.242552380635637,18.242552380635637,4.844665475728493,1.8724869643016646,inter-arrival CV 0.29 (bursty); 24h-uniform timing (KS 0.96); gas-to-basefee std 0.000 (top-1% tightness)
0x5b2b12361cf46cb78945813f269ce505bc65f2b1,26.710871020599487,medium,100.0,18.242552380635637,18.242552380635637,18.242552380635637,18.242552380635637,18.242552380635637,4.844665475728493,1.8724869643016646,inter-arrival CV 1.21 (bursty); 24h-uniform timing (KS 0.96); gas-to-basefee std 0.004 (top-1% tightness)
0xd2420a97280904621ae378b1f32dc06630dd8a35,26.70612490680641,medium,100.0,18.242552380635637,18.242552380635637,18.242552380635637,18.242552380635637,18.242552380635637,4.844665475728493,1.8408462056811439,inter-arrival CV 0.13 (cron); 24h-uniform timing (KS 0.96); gas-to-basefee std 0.000 (top-1% tightness)
0x2574c522ef2de7516a66fc307352f2aa42d9f6e1,26.70612490680641,medium,100.0,18.242552380635637,18.242552380635637,18.242552380635637,18.242552380635637,18.242552380635637,4.844665475728493,1.8408462056811439,inter-arrival CV 1.11 (bursty); 24h-uniform timing (KS 0.96); gas-to-basefee std 0.001 (top-1% tightness)
0x92bfd65fe0d54511f720f5d54fd59daaecb63640,26.703781448630377,medium,100.0,18.242552380635637,18.242552380635637,18.242552380635637,18.242552380635637,18.242552380635637,4.844665475728493,1.8252231511742718,inter-arrival CV 0.43 (bursty); 24h-uniform timing (KS 0.96); gas-to-basefee std 0.001 (top-1% tightness)
0x8f9ac214e8b6f2e2b0dfe7ef6597e6072da2f394,26.703781448630377,medium,100.0,18.242552380635637,18.242552380635637,18.242552380635637,18.242552380635637,18.242552380635637,4.844665475728493,1.8252231511742718,inter-arrival CV 5.11 (bursty); 24h-uniform timing (KS 0.96); gas-to-basefee std 0.003 (top-1% tightness)
0x634e261aa3ba45dcfe60949ba5cc3b4e4fb71e1b,26.701457512438825,medium,100.0,18.242552380635637,18.242552380635637,18.242552380635637,18.242552380635637,18.242552380635637,4.844665475728493,1.8097302432305968,inter-arrival CV 1.61 (bursty); 24h-uniform timing (KS 0.96); gas-to-basefee std 0.001 (top-1% tightness)
0x0360d000622f942b9656d59c679d19d5d12ec989,26.701457512438825,medium,100.0,18.242552380635637,18.242552380635637,18.242552380635637,18.242552380635637,18.242552380635637,4.844665475728493,1.8097302432305968,inter-arrival CV 1.06 (bursty); 24h-uniform timing (KS 0.96); gas-to-basefee std 0.004 (top-1% tightness)
0xc345919ca670a0d102b12857d3b32df72564b981,26.701457512438825,medium,100.0,18.242552380635637,18.242552380635637,18.242552380635637,18.242552380635637,18.242552380635637,4.844665475728493,1.8097302432305968,inter-arrival CV 1.46 (bursty); 24h-uniform timing (KS 0.96); gas-to-basefee std 0.000 (top-1% tightness)
0x998b13dca209c88dae814cb85ae8006264bb1980,26.672953216406842,medium,100.0,18.242552380635637,18.242552380635637,18.242552380635637,18.242552380635637,18.242552380635637,4.844665475728493,1.6197016030173736,inter-arrival CV 0.62 (bursty); 24h-uniform timing (KS 0.96); gas-to-basefee std 0.000 (top-1% tightness)
0x466e5f3bb7f25a232d8243196b6b4b7ba90a275a,26.666805337149324,medium,100.0,18.242552380635637,18.242552380635637,18.242552380635637,18.242552380635637,18.242552380635637,4.844665475728493,1.5787157413005823,inter-arrival CV 0.71 (bursty); 24h-uniform timing (KS 0.96); gas-to-basefee std 0.000 (top-1% tightness)
0xebb757ea63d9d7ae8ca31f2e2c2b73b322b8bea0,26.666805337149324,medium,100.0,18.242552380635637,18.242552380635637,18.242552380635637,18.242552380635637,18.242552380635637,4.844665475728493,1.5787157413005823,inter-arrival CV 0.57 (bursty); 24h-uniform timing (KS 0.96); gas-to-basefee std 0.000 (top-1% tightness)
0xa14c9ab48ef6abf02d996e963203680bc9c114a2,26.27591953425092,medium,4.742587317756678,18.242552380635637,18.242552380635637,18.242552380635637,18.242552380635637,18.242552380635637,50.56762881264182,63.74824751294571,coordinated with 576 other wallets; 100% of late-window tx to new counterparties; 24h-uniform timing (KS 0.00)
0x10128676ffe48e60f0bc0d0b0484fb7defc63672,26.27591953425092,medium,4.742587317756678,18.242552380635637,18.242552380635637,18.242552380635637,18.242552380635637,18.242552380635637,50.56762881264182,63.74824751294571,coordinated with 576 other wallets; 100% of late-window tx to new counterparties; 24h-uniform timing (KS 0.00)
0xa5bd61215ba6130f61087665e0199f8ea8d2e706,26.27591953425092,medium,4.742587317756678,18.242552380635637,18.242552380635637,18.242552380635637,18.242552380635637,18.242552380635637,50.56762881264182,63.74824751294571,coordinated with 576 other wallets; 100% of late-window tx to new counterparties; 24h-uniform timing (KS 0.00)
0x0ea628a6c646f586cc10adb1e2735c8f315550a9,26.27591953425092,medium,4.742587317756678,18.242552380635637,18.242552380635637,18.242552380635637,18.242552380635637,18.242552380635637,50.56762881264182,63.74824751294571,coordinated with 576 other wallets; 100% of late-window tx to new counterparties; 24h-uniform timing (KS 0.00)
0xee5e71809d6a47acf37f8e7308df8fc862657aa9,26.27591953425092,medium,4.742587317756678,18.242552380635637,18.242552380635637,18.242552380635637,18.242552380635637,18.242552380635637,50.56762881264182,63.74824751294571,coordinated with 576 other wallets; 100% of late-window tx to new counterparties; 24h-uniform timing (KS 0.00)
0x4ebb6c20e062695c04b88cc17313618a64bbda2c,26.27591953425092,medium,4.742587317756678,18.242552380635637,18.242552380635637,18.242552380635637,18.242552380635637,18.242552380635637,50.56762881264182,63.74824751294571,coordinated with 576 other wallets; 100% of late-window tx to new counterparties; 24h-uniform timing (KS 0.00)
0xf9ad18cb6a1fd344d3bdbc7572f7d9677218e02b,26.27591953425092,medium,4.742587317756678,18.242552380635637,18.242552380635637,18.242552380635637,18.242552380635637,18.242552380635637,50.56762881264182,63.74824751294571,coordinated with 576 other wallets; 100% of late-window tx to new counterparties; 24h-uniform timing (KS 0.00)
0xa92435e1c071b6bec748ee92e63b684ef0e71430,26.27591953425092,medium,4.742587317756678,18.242552380635637,18.242552380635637,18.242552380635637,18.242552380635637,18.242552380635637,50.56762881264182,63.74824751294571,coordinated with 576 other wallets; 100% of late-window tx to new counterparties; 24h-uniform timing (KS 0.00)
0x1c9145bc3c65d9159994987cd2051c0b3fe50919,26.27591953425092,medium,4.742587317756678,18.242552380635637,18.242552380635637,18.242552380635637,18.242552380635637,18.242552380635637,50.56762881264182,63.74824751294571,coordinated with 576 other wallets; 100% of late-window tx to new counterparties; 24h-uniform timing (KS 0.00)
0xc85bdd16bbf0bb3d7928a9643ca182e4a63f9c90,26.27591953425092,medium,4.742587317756678,18.242552380635637,18.242552380635637,18.242552380635637,18.242552380635637,18.242552380635637,50.56762881264182,63.74824751294571,coordinated with 576 other wallets; 100% of late-window tx to new counterparties; 24h-uniform timing (KS 0.00)
0x5efec69a2102d8205fee4881af22b50d28cf1206,26.12455568739113,medium,4.742587317756678,18.242552380635637,18.242552380635637,18.242552380635637,18.242552380635637,18.242552380635637,50.56762881264182,62.7391552005471,coordinated with 571 other wallets; 100% of late-window tx to new counterparties; 24h-uniform timing (KS 0.00)
0xc6dc263d31556abad9261101a946abc88a04fc4d,26.12455568739113,medium,4.742587317756678,18.242552380635637,18.242552380635637,18.242552380635637,18.242552380635637,18.242552380635637,50.56762881264182,62.7391552005471,coordinated with 571 other wallets; 100% of late-window tx to new counterparties; 24h-uniform timing (KS 0.00)
0x1cc360e0dd6f8869dc1899defcb2f691d877d34c,26.12455568739113,medium,4.742587317756678,18.242552380635637,18.242552380635637,18.242552380635637,18.242552380635637,18.242552380635637,50.56762881264182,62.7391552005471,coordinated with 571 other wallets; 100% of late-window tx to new counterparties; 24h-uniform timing (KS 0.00)
0xe56aa79106b47fe09886322547eaa66a22f74e9f,26.12455568739113,medium,4.742587317756678,18.242552380635637,18.242552380635637,18.242552380635637,18.242552380635637,18.242552380635637,50.56762881264182,62.7391552005471,coordinated with 571 other wallets; 100% of late-window tx to new counterparties; 24h-uniform timing (KS 0.00)
0xbf4be2ee1e7dcddf908c7b107cec3511f444234c,26.12455568739113,medium,4.742587317756678,18.242552380635637,18.242552380635637,18.242552380635637,18.242552380635637,18.242552380635637,50.56762881264182,62.7391552005471,coordinated with 571 other wallets; 100% of late-window tx to new counterparties; 24h-uniform timing (KS 0.00)
0x47083e955fcd7c9f99147d34723e7217edc9f3f3,26.12455568739113,medium,4.742587317756678,18.242552380635637,18.242552380635637,18.242552380635637,18.242552380635637,18.242552380635637,50.56762881264182,62.7391552005471,coordinated with 571 other wallets; 100% of late-window tx to new counterparties; 24h-uniform timing (KS 0.00)
0x07288dfa08489579670ac4254c9a9dd9542eac0c,26.12455568739113,medium,4.742587317756678,18.242552380635637,18.242552380635637,18.242552380635637,18.242552380635637,18.242552380635637,50.56762881264182,62.7391552005471,coordinated with 571 other wallets; 100% of late-window tx to new counterparties; 24h-uniform timing (KS 0.00)
0xd716559ee044ef39d585856bf21e02348871eb10,26.12455568739113,medium,4.742587317756678,18.242552380635637,18.242552380635637,18.242552380635637,18.242552380635637,18.242552380635637,50.56762881264182,62.7391552005471,coordinated with 571 other wallets; 100% of late-window tx to new counterparties; 24h-uniform timing (KS 0.00)
0x024e205e439fcbb8d065803857dc075ac8c9f85c,26.12455568739113,medium,4.742587317756678,18.242552380635637,18.242552380635637,18.242552380635637,18.242552380635637,18.242552380635637,50.56762881264182,62.7391552005471,coordinated with 571 other wallets; 100% of late-window tx to new counterparties; 24h-uniform timing (KS 0.00)
0xaec9e98a7d0eb81e53c0046d4b762f3cefa203a8,26.06353235401975,medium,4.742587317756678,18.242552380635637,18.242552380635637,18.242552380635637,18.242552380635637,18.242552380635637,50.56762881264182,62.332332978071214,coordinated with 569 other wallets; 100% of late-window tx to new counterparties; 24h-uniform timing (KS 0.00)
0x54cfdac93b2df2435305a09c5bd1d3cf311126c3,26.06353235401975,medium,4.742587317756678,18.242552380635637,18.242552380635637,18.242552380635637,18.242552380635637,18.242552380635637,50.56762881264182,62.332332978071214,coordinated with 569 other wallets; 100% of late-window tx to new counterparties; 24h-uniform timing (KS 0.00)
0xf482fdac94e02b3a5abda557ef17986e74e38566,26.06353235401975,medium,4.742587317756678,18.242552380635637,18.242552380635637,18.242552380635637,18.242552380635637,18.242552380635637,50.56762881264182,62.332332978071214,coordinated with 569 other wallets; 100% of late-window tx to new counterparties; 24h-uniform timing (KS 0.00)
0x9f1a08aa60fd51c2b24016bef66a598817793f3e,26.06353235401975,medium,4.742587317756678,18.242552380635637,18.242552380635637,18.242552380635637,18.242552380635637,18.242552380635637,50.56762881264182,62.332332978071214,coordinated with 569 other wallets; 100% of late-window tx to new counterparties; 24h-uniform timing (KS 0.00)
0x49ae4e63f5883cb82073ac7b5a2fcdd6bc5735af,26.06353235401975,medium,4.742587317756678,18.242552380635637,18.242552380635637,18.242552380635637,18.242552380635637,18.242552380635637,50.56762881264182,62.332332978071214,coordinated with 569 other wallets; 100% of late-window tx to new counterparties; 24h-uniform timing (KS 0.96)
0x44416e295b86d8d51909e4dda8bd3655b80ef30c,26.06353235401975,medium,4.742587317756678,18.242552380635637,18.242552380635637,18.242552380635637,18.242552380635637,18.242552380635637,50.56762881264182,62.332332978071214,coordinated with 569 other wallets; 100% of late-window tx to new counterparties; 24h-uniform timing (KS 0.00)
0x698dd6c03b50c3d4af12932a0388338bcdd3aaed,25.97150864292307,medium,4.742587317756678,18.242552380635637,18.242552380635637,18.242552380635637,18.242552380635637,18.242552380635637,50.56762881264182,61.71884157076002,coordinated with 566 other wallets; 100% of late-window tx to new counterparties; 24h-uniform timing (KS 0.00)
0x69a741655acf165fdf2b145a54aa0d3f638ded93,25.97150864292307,medium,4.742587317756678,18.242552380635637,18.242552380635637,18.242552380635637,18.242552380635637,18.242552380635637,50.56762881264182,61.71884157076002,coordinated with 566 other wallets; 100% of late-window tx to new counterparties; 24h-uniform timing (KS 0.00)
0x27018933857c85cb3bfc98d49a6422ddc01a7cd2,25.97150864292307,medium,4.742587317756678,18.242552380635637,18.242552380635637,18.242552380635637,18.242552380635637,18.242552380635637,50.56762881264182,61.71884157076002,coordinated with 566 other wallets; 100% of late-window tx to new counterparties; 24h-uniform timing (KS 0.00)
0xb4422342ce13fa6b076fa1679cd94085857e9890,25.97150864292307,medium,4.742587317756678,18.242552380635637,18.242552380635637,18.242552380635637,18.242552380635637,18.242552380635637,50.56762881264182,61.71884157076002,coordinated with 566 other wallets; 100% of late-window tx to new counterparties; 24h-uniform timing (KS 0.00)
0x0c2fcb43d976245628a62b11fbbbd57b45025459,25.97150864292307,medium,4.742587317756678,18.242552380635637,18.242552380635637,18.242552380635637,18.242552380635637,18.242552380635637,50.56762881264182,61.71884157076002,coordinated with 566 other wallets; 100% of late-window tx to new counterparties; 24h-uniform timing (KS 0.00)
0xf975ffa1d816c47870d93f4fd495f26a460d980c,25.97150864292307,medium,4.742587317756678,18.242552380635637,18.242552380635637,18.242552380635637,18.242552380635637,18.242552380635637,50.56762881264182,61.71884157076002,coordinated with 566 other wallets; 100% of late-window tx to new counterparties; 24h-uniform timing (KS 0.00)
0xfba62e884b22efddc892829c69eb9dea34cf5e85,25.97150864292307,medium,4.742587317756678,18.242552380635637,18.242552380635637,18.242552380635637,18.242552380635637,18.242552380635637,50.56762881264182,61.71884157076002,coordinated with 566 other wallets; 100% of late-window tx to new counterparties; 24h-uniform timing (KS 0.00)
0x3c6fe7dcbf6deebdcd4b6dd8d06990dc9d8c50be,25.97150864292307,medium,4.742587317756678,18.242552380635637,18.242552380635637,18.242552380635637,18.242552380635637,18.242552380635637,50.56762881264182,61.71884157076002,coordinated with 566 other wallets; 100% of late-window tx to new counterparties; 24h-uniform timing (KS 0.00)
0x77055836ff6aef36d4ce15fc55b66958d4cc94d6,25.97150864292307,medium,4.742587317756678,18.242552380635637,18.242552380635637,18.242552380635637,18.242552380635637,18.242552380635637,50.56762881264182,61.71884157076002,coordinated with 566 other wallets; 100% of late-window tx to new counterparties; 24h-uniform timing (KS 0.00)
0x54656f8f2de20859504fd46f68dc14e5e4d71892,25.97150864292307,medium,4.742587317756678,18.242552380635637,18.242552380635637,18.242552380635637,18.242552380635637,18.242552380635637,50.56762881264182,61.71884157076002,coordinated with 566 other wallets; 100% of late-window tx to new counterparties; 24h-uniform timing (KS 0.00)
0xe8eebbec435f7a9ee3e77f0b485652324a67d36c,25.97150864292307,medium,4.742587317756678,18.242552380635637,18.242552380635637,18.242552380635637,18.242552380635637,18.242552380635637,50.56762881264182,61.71884157076002,coordinated with 566 other wallets; 100% of late-window tx to new counterparties; 24h-uniform timing (KS 0.00)
0xf32f9f92dbd00e09866c783d5e007b1b09ec79d2,25.97150864292307,medium,4.742587317756678,18.242552380635637,18.242552380635637,18.242552380635637,18.242552380635637,18.242552380635637,50.56762881264182,61.71884157076002,coordinated with 566 other wallets; 100% of late-window tx to new counterparties; 24h-uniform timing (KS 0.00)
0xa18e7d5f6d1a9a5cac2dd9e19266cea9fa243946,25.97150864292307,medium,4.742587317756678,18.242552380635637,18.242552380635637,18.242552380635637,18.242552380635637,18.242552380635637,50.56762881264182,61.71884157076002,coordinated with 566 other wallets; 100% of late-window tx to new counterparties; 24h-uniform timing (KS 0.00)
0x743b2c6428b3988dbe19792215e1c1e712581edf,25.97150864292307,medium,4.742587317756678,18.242552380635637,18.242552380635637,18.242552380635637,18.242552380635637,18.242552380635637,50.56762881264182,61.71884157076002,coordinated with 566 other wallets; 100% of late-window tx to new counterparties; 24h-uniform timing (KS 0.00)
0xff5e9428961e3854a3c5e143fa6809d83a001e86,25.97150864292307,medium,4.742587317756678,18.242552380635637,18.242552380635637,18.242552380635637,18.242552380635637,18.242552380635637,50.56762881264182,61.71884157076002,coordinated with 566 other wallets; 100% of late-window tx to new counterparties; 24h-uniform timing (KS 0.00)
0x1dc2c04c5f621dad305cbe0b9704a545e2f09bf5,25.87892146131896,medium,4.742587317756678,18.242552380635637,18.242552380635637,18.242552380635637,18.242552380635637,18.242552380635637,50.56762881264182,61.101593693399316,coordinated with 563 other wallets; 100% of late-window tx to new counterparties; 24h-uniform timing (KS 0.00)
0x9949bd950fa9f704af85dbc3be04de218e09fd9f,25.87892146131896,medium,4.742587317756678,18.242552380635637,18.242552380635637,18.242552380635637,18.242552380635637,18.242552380635637,50.56762881264182,61.101593693399316,coordinated with 563 other wallets; 100% of late-window tx to new counterparties; 24h-uniform timing (KS 0.00)
0x460065d206452f8e759fb58caa25fe75897c575f,25.87892146131896,medium,4.742587317756678,18.242552380635637,18.242552380635637,18.242552380635637,18.242552380635637,18.242552380635637,50.56762881264182,61.101593693399316,coordinated with 563 other wallets; 100% of late-window tx to new counterparties; 24h-uniform timing (KS 0.00)
0xbc218f8bc77248cc421e15985f51507250690733,25.87892146131896,medium,4.742587317756678,18.242552380635637,18.242552380635637,18.242552380635637,18.242552380635637,18.242552380635637,50.56762881264182,61.101593693399316,coordinated with 563 other wallets; 100% of late-window tx to new counterparties; 24h-uniform timing (KS 0.00)
0xc2bab389c9381fb621968cce3e5faf96030b1e5b,25.87892146131896,medium,4.742587317756678,18.242552380635637,18.242552380635637,18.242552380635637,18.242552380635637,18.242552380635637,50.56762881264182,61.101593693399316,coordinated with 563 other wallets; 100% of late-window tx to new counterparties; 24h-uniform timing (KS 0.00)
0x18f353562dad5a0950a758de0a00a9c665b47e3b,25.87892146131896,medium,4.742587317756678,18.242552380635637,18.242552380635637,18.242552380635637,18.242552380635637,18.242552380635637,50.56762881264182,61.101593693399316,coordinated with 563 other wallets; 100% of late-window tx to new counterparties; 24h-uniform timing (KS 0.00)
0xb39145d9744eeb3cf6431b309c972bdd25a75129,25.87892146131896,medium,4.742587317756678,18.242552380635637,18.242552380635637,18.242552380635637,18.242552380635637,18.242552380635637,50.56762881264182,61.101593693399316,coordinated with 563 other wallets; 100% of late-window tx to new counterparties; 24h-uniform timing (KS 0.00)
0x13257f991e1a34d2815fa095d51006ed8ef40df5,25.87892146131896,medium,4.742587317756678,18.242552380635637,18.242552380635637,18.242552380635637,18.242552380635637,18.242552380635637,50.56762881264182,61.101593693399316,coordinated with 563 other wallets; 100% of late-window tx to new counterparties; 24h-uniform timing (KS 0.00)
0xf70da97812cb96acdf810712aa562db8dfa3dbef,25.87892146131896,medium,4.742587317756678,18.242552380635637,18.242552380635637,18.242552380635637,18.242552380635637,18.242552380635637,50.56762881264182,61.101593693399316,coordinated with 563 other wallets; 100% of late-window tx to new counterparties; 24h-uniform timing (KS 0.00)
0x72998f0e319127f1127c17b03cba02db521cf6bc,25.847938411799007,medium,4.742587317756678,18.242552380635637,18.242552380635637,18.242552380635637,18.242552380635637,18.242552380635637,50.56762881264182,60.89504002993294,coordinated with 562 other wallets; 100% of late-window tx to new counterparties; 24h-uniform timing (KS 0.00)
0xc0aa055795b0de80c0e8729838bc0b7b091e322f,25.847938411799007,medium,4.742587317756678,18.242552380635637,18.242552380635637,18.242552380635637,18.242552380635637,18.242552380635637,50.56762881264182,60.89504002993294,coordinated with 562 other wallets; 100% of late-window tx to new counterparties; 24h-uniform timing (KS 0.00)
